Rk,Player,Pos,Age,Tm,G▼,MP,PER,TS%,3PAr,FTr,ORB%,DRB%,TRB%,AST%,STL%,BLK%,TOV%,USG%,,OWS,DWS,WS,WS/48,,OBPM,DBPM,BPM,VORP
1,Bradley Beal\bealbr01,SG,24,WAS,82,2977,18.4,.564,.357,.249,2.3,11.5,6.9,21.0,1.6,1.1,11.5,27.6,,4.4,2.5,6.9,.111,,2.9,-0.7,2.2,3.1
2,Dragan Bender\bendedr01,PF,20,PHO,82,2069,7.1,.524,.665,.105,2.0,16.8,9.3,8.9,0.5,2.1,18.1,12.7,,-0.7,0.8,0.1,.001,,-2.9,-0.8,-3.7,-0.9
3,Bismack Biyombo\biyombi01,C,25,ORL,82,1495,14.1,.556,.003,.446,10.5,24.0,17.2,6.5,0.7,5.1,16.6,14.9,,1.1,1.8,2.9,.094,,-2.6,0.2,-2.4,-0.2
4,Dillon Brooks\brookdi01,SF,22,MEM,82,2350,9.8,.531,.342,.215,2.4,10.5,6.3,9.3,1.6,0.7,12.8,18.5,,0.1,1.1,1.2,.024,,-2.9,-1.1,-4.0,-1.2
5,Pat Connaughton\connapa01,SG,25,POR,82,1488,9.3,.539,.538,.113,2.7,9.1,5.9,8.7,0.8,1.2,9.5,13.4,,1.2,1.3,2.5,.080,,-1.7,-0.1,-1.8,0.1
6,Raymond Felton\feltora01,PG,33,OKC,82,1365,13.0,.494,.417,.080,2.0,11.0,6.3,22.5,1.8,1.1,11.7,20.4,,0.9,1.3,2.2,.078,,-0.3,-0.3,-0.6,0.5
7,Yogi Ferrell\ferreyo01,SG,24,DAL,82,2282,11.4,.540,.492,.141,1.2,11.2,6.1,13.5,1.4,0.4,9.1,17.0,,1.5,1.5,3.0,.064,,-1.3,0.0,-1.4,0.4
8,Taj Gibson\gibsota01,PF,32,MIN,82,2726,15.4,.610,.047,.251,8.1,16.7,12.4,5.2,1.1,1.9,9.8,14.7,,5.4,1.7,7.2,.126,,0.1,-0.7,-0.5,1.0
9,Marcin Gortat\gortama01,C,33,WAS,82,2075,14.7,.546,.000,.291,9.9,24.0,17.0,10.6,1.0,2.6,13.5,15.5,,2.4,2.4,4.9,.113,,-0.8,0.3,-0.6,0.8
10,Joe Ingles\inglejo01,SF,30,UTA,82,2578,14.4,.623,.646,.116,1.1,13.9,7.6,22.9,1.8,0.7,17.4,15.9,,4.0,3.6,7.6,.141,,1.0,1.3,2.3,2.8
11,LeBron James\jamesle01,PF,33,CLE,82,3026,28.6,.621,.257,.336,3.7,22.3,13.1,44.4,1.9,2.0,16.1,31.6,,11.0,3.0,14.0,.221,,7.3,1.4,8.7,8.2
12,Tyus Jones\jonesty01,PG,21,MIN,82,1467,14.1,.572,.393,.247,1.2,9.2,5.2,21.2,3.2,0.4,14.0,12.7,,2.3,1.2,3.6,.117,,-0.8,1.7,0.8,1.1
13,Cory Joseph\josepco01,PG,26,IND,82,2210,11.0,.503,.315,.156,2.0,11.4,6.7,16.1,1.8,0.7,11.9,14.8,,1.2,2.0,3.1,.068,,-1.8,0.3,-1.5,0.3
14,Khris Middleton\middlkh01,SF,26,MIL,82,2982,17.4,.577,.320,.285,1.8,15.0,8.4,17.7,2.0,0.6,11.8,24.6,,4.6,2.3,6.9,.111,,0.8,-0.8,0.0,1.5
15,Darius Miller\milleda01,SF,27,NOP,82,1944,9.3,.617,.735,.138,1.0,7.9,4.6,7.5,0.7,0.7,10.1,12.8,,2.1,0.9,3.0,.075,,-1.1,-0.8,-1.9,0.1
16,Patty Mills\millspa02,PG,29,SAS,82,2107,11.8,.558,.607,.173,1.4,6.8,4.1,16.0,1.3,0.4,12.6,17.8,,2.0,2.1,4.1,.093,,-0.6,-0.4,-1.0,0.5
17,E'Twaun Moore\mooreet01,SG,28,NOP,82,2586,12.1,.593,.362,.082,2.5,7.3,5.0,10.1,1.5,0.4,10.6,16.1,,2.8,1.6,4.4,.081,,-1.0,-0.5,-1.6,0.3
18,Patrick Patterson\pattepa01,PF,28,OKC,82,1270,10.0,.555,.643,.173,2.7,14.6,8.4,6.1,1.9,1.6,10.3,10.8,,1.2,1.4,2.6,.098,,-1.2,1.0,-0.2,0.6
19,Jakob Poeltl\poeltja01,C,22,TOR,82,1524,17.5,.662,.005,.263,12.4,16.4,14.4,5.4,1.3,5.2,16.6,14.8,,3.1,2.4,5.6,.175,,-0.7,1.1,0.4,0.9
20,Taurean Prince\princta02,SF,23,ATL,82,2464,12.8,.549,.469,.185,2.3,15.3,8.8,13.9,1.7,1.5,15.3,22.1,,0.0,2.0,2.0,.038,,-0.5,-0.6,-1.1,0.6
21,Julius Randle\randlju01,C,23,LAL,82,2190,19.9,.606,.050,.470,8.9,22.8,15.9,15.8,0.9,1.7,16.3,25.3,,4.0,2.6,6.6,.145,,0.6,0.0,0.6,1.4
22,Ish Smith\smithis01,PG,29,DET,82,2043,15.4,.525,.126,.145,1.4,10.9,6.1,28.4,1.6,0.9,11.2,20.8,,2.4,2.0,4.4,.102,,-0.3,0.3,0.0,1.0
23,Lance Stephenson\stephla01,SG,27,IND,82,1850,12.4,.495,.327,.179,3.8,22.0,12.9,18.6,1.2,0.8,14.6,21.6,,-0.2,2.0,1.8,.046,,-1.5,-0.3,-1.8,0.1
24,Karl-Anthony Towns\townska01,C,22,MIN,82,2918,24.9,.646,.243,.343,9.3,30.9,20.0,10.8,1.1,3.5,10.5,22.9,,10.6,3.4,14.0,.230,,4.9,0.2,5.1,5.2
25,P.J. Tucker\tuckepj01,PF,32,HOU,82,2281,8.3,.537,.703,.136,4.6,17.8,11.3,4.6,1.7,1.0,13.7,10.5,,1.0,3.0,3.9,.082,,-1.9,0.8,-1.1,0.5
26,Andrew Wiggins\wiggian01,SF,22,MIN,82,2979,13.0,.505,.260,.242,3.1,10.8,6.9,8.2,1.5,1.5,8.8,23.4,,0.5,1.6,2.1,.034,,-0.8,-1.7,-2.4,-0.3
27,Will Barton\bartowi01,SG,27,DEN,81,2683,16.2,.562,.411,.220,3.0,14.2,8.6,18.5,1.5,1.6,11.7,20.7,,4.4,1.8,6.2,.111,,1.6,-0.4,1.1,2.1
28,Aron Baynes\baynear01,C,31,BOS,81,1485,12.0,.502,.047,.175,9.7,22.1,16.0,9.6,0.7,2.9,14.3,16.8,,0.5,2.5,3.0,.097,,-3.6,0.7,-2.9,-0.3
29,Jordan Clarkson\clarkjo01,SG,25,TOT,81,1888,16.4,.542,.333,.199,3.3,9.1,6.2,19.3,1.5,0.3,10.9,26.5,,1.9,1.2,3.0,.077,,1.5,-1.4,0.1,1.0
30,Jerami Grant\grantje01,PF,23,OKC,81,1647,16.2,.607,.241,.526,5.6,16.3,10.7,5.1,0.9,4.2,8.8,16.0,,3.5,1.9,5.4,.156,,0.0,0.3,0.3,1.0
31,Jrue Holiday\holidjr01,SG,27,NOP,81,2927,17.8,.570,.286,.191,2.4,10.8,6.8,24.9,2.0,1.7,13.6,23.1,,4.2,2.9,7.1,.116,,1.3,0.3,1.6,2.7
32,Dwight Howard\howardw01,C,32,CHO,81,2463,20.5,.577,.008,.639,11.0,33.8,22.2,7.1,1.0,4.4,15.1,24.2,,2.9,3.9,6.8,.132,,-0.3,0.1,-0.1,1.2
33,CJ McCollum\mccolcj01,SG,26,POR,81,2923,17.0,.536,.316,.166,2.0,9.9,6.0,15.8,1.3,1.0,8.6,26.5,,3.7,2.9,6.6,.108,,1.8,-0.5,1.2,2.4
34,Doug McDermott\mcderdo01,SF,26,TOT,81,1768,10.4,.579,.425,.159,2.5,10.2,6.3,6.5,0.5,0.8,9.3,15.0,,1.7,0.6,2.3,.063,,-1.0,-1.3,-2.2,-0.1
35,Dejounte Murray\murrade01,PG,21,SAS,81,1743,15.1,.485,.056,.243,7.0,22.4,14.6,20.2,2.8,1.5,16.6,20.7,,-0.2,3.4,3.2,.087,,-1.6,2.2,0.5,1.1
36,Jamal Murray\murraja01,PG,20,DEN,81,2565,16.1,.576,.411,.238,3.6,9.4,6.5,16.4,1.5,0.9,12.8,22.8,,4.3,1.2,5.5,.103,,1.2,-1.5,-0.3,1.1
37,Kelly Oubre Jr.\oubreke01,SF,22,WAS,81,2231,11.9,.534,.467,.295,3.0,15.4,9.2,6.4,1.8,1.4,9.2,19.4,,1.4,2.3,3.7,.080,,-1.6,-0.1,-1.7,0.2
38,Josh Richardson\richajo01,SF,24,MIA,81,2689,13.6,.551,.380,.160,2.9,9.0,6.0,13.2,2.3,2.4,12.9,18.2,,1.8,3.5,5.4,.096,,-0.6,1.3,0.7,1.8
39,Pascal Siakam\siakapa01,PF,23,TOR,81,1679,14.5,.549,.265,.175,5.4,18.6,12.1,13.5,1.8,2.0,11.1,15.7,,2.1,2.5,4.7,.133,,-0.3,1.6,1.3,1.4
40,Ben Simmons\simmobe01,PG,21,PHI,81,2732,20.0,.557,.011,.342,5.9,19.5,13.0,37.4,2.5,2.1,19.5,22.3,,4.2,5.0,9.2,.162,,2.0,2.5,4.5,4.5
41,Thaddeus Young\youngth01,PF,29,IND,81,2607,14.8,.528,.209,.106,8.0,14.1,11.1,8.5,2.6,1.2,10.4,17.3,,2.3,3.2,5.5,.101,,-0.2,0.4,0.2,1.4
42,Marco Belinelli\belinma01,SG,31,TOT,80,1947,14.1,.581,.517,.213,1.1,7.3,4.3,11.9,1.6,0.5,10.1,20.7,,2.4,1.3,3.7,.092,,0.4,-0.8,-0.5,0.8
43,Bojan Bogdanović\bogdabo02,SF,28,IND,80,2464,13.9,.605,.453,.241,1.4,10.9,6.2,7.1,1.1,0.3,10.1,19.0,,3.8,1.6,5.4,.105,,0.5,-1.2,-0.7,0.8
44,Robert Covington\covinro01,SF,27,PHI,80,2532,12.9,.563,.658,.163,2.4,15.5,9.2,8.7,2.6,2.4,12.3,17.2,,1.6,4.5,6.1,.116,,-0.2,1.7,1.5,2.3
45,Jamal Crawford\crawfja01,SG,37,MIN,80,1653,13.0,.519,.423,.152,1.4,5.5,3.5,16.9,1.2,0.5,10.7,23.7,,0.9,0.3,1.3,.037,,0.1,-2.5,-2.3,-0.1
46,Jae Crowder\crowdja01,SF,27,TOT,80,2090,10.4,.525,.508,.221,3.2,11.5,7.4,6.9,1.5,0.9,9.1,17.3,,1.0,1.6,2.6,.060,,-1.9,-0.6,-2.5,-0.3
47,DeMar DeRozan\derozde01,SG,28,TOR,80,2711,21.0,.555,.203,.396,2.5,10.4,6.5,25.0,1.5,0.6,9.5,29.6,,6.8,2.8,9.6,.170,,3.3,-0.6,2.8,3.2
48,Spencer Dinwiddie\dinwisp01,PG,24,BRK,80,2306,15.9,.527,.517,.320,1.8,10.2,6.0,35.0,1.4,0.7,11.8,20.3,,4.3,1.4,5.7,.118,,1.3,-0.7,0.6,1.5
49,Bryn Forbes\forbebr01,SG,24,SAS,80,1517,9.1,.525,.459,.145,0.9,7.2,4.0,7.8,0.9,0.1,6.5,16.7,,0.8,1.3,2.1,.067,,-2.5,-0.6,-3.1,-0.4
50,Tobias Harris\harrito02,PF,25,TOT,80,2668,17.1,.565,.364,.177,2.4,15.7,9.0,11.8,1.3,1.1,7.4,23.3,,4.2,2.5,6.7,.120,,2.3,-0.4,1.9,2.6
51,Buddy Hield\hieldbu01,SG,25,SAC,80,2024,16.1,.557,.437,.087,3.0,14.8,8.6,12.8,2.1,1.0,11.3,24.3,,1.3,1.5,2.8,.067,,1.6,-0.5,1.0,1.5
52,Jeremy Lamb\lambje01,SG,25,CHO,80,1967,17.0,.559,.305,.250,2.7,15.4,8.9,15.4,1.5,1.4,9.1,22.4,,3.0,1.9,4.9,.120,,1.3,0.2,1.6,1.8
53,Terry Rozier\roziete01,PG,23,BOS,80,2068,15.1,.520,.503,.186,3.4,16.3,9.9,17.5,1.9,0.8,8.5,20.4,,2.2,3.4,5.6,.130,,0.9,1.2,2.1,2.1
54,J.R. Smith\smithjr01,SG,32,CLE,80,2244,8.4,.534,.640,.094,1.5,10.1,5.9,8.6,1.5,0.4,11.6,13.8,,0.6,0.9,1.4,.031,,-2.1,-0.9,-3.0,-0.6
55,Jayson Tatum\tatumja01,SF,19,BOS,80,2443,15.2,.586,.290,.309,2.3,15.6,9.0,8.3,1.7,2.0,10.7,19.4,,3.0,4.0,7.1,.139,,0.0,1.2,1.2,2.0
56,Kemba Walker\walkeke02,PG,27,CHO,80,2736,20.6,.572,.441,.308,1.2,8.7,4.9,27.4,1.6,0.7,10.4,27.4,,6.5,2.0,8.6,.150,,4.7,-0.7,4.0,4.2
57,Russell Westbrook\westbru01,PG,29,OKC,80,2914,24.7,.524,.193,.336,5.6,25.7,15.3,49.8,2.5,0.6,16.4,34.1,,5.5,4.5,10.1,.166,,4.8,1.5,6.3,6.1
58,Nick Young\youngni01,SG,32,GSW,80,1393,10.0,.562,.668,.133,1.7,7.9,5.0,3.5,1.3,0.4,7.0,17.5,,0.8,0.9,1.7,.059,,-1.6,-1.9,-3.5,-0.5
59,Troy Daniels\danietr01,SG,26,PHO,79,1622,9.8,.583,.797,.111,0.8,7.7,4.2,4.5,0.8,0.2,8.5,17.2,,1.4,0.0,1.4,.042,,-0.5,-2.1,-2.6,-0.3
60,Gorgui Dieng\dienggo01,C,28,MIN,79,1333,14.7,.543,.157,.263,9.1,22.2,15.6,7.5,1.7,2.6,12.0,16.3,,1.6,1.4,2.9,.105,,-0.9,-0.1,-1.0,0.3
61,Paul George\georgpa01,SF,27,OKC,79,2891,18.7,.570,.454,.307,2.7,14.9,8.6,14.5,2.8,1.2,12.2,25.7,,5.0,3.9,8.9,.147,,2.3,0.6,2.9,3.6
62,Frank Kaminsky\kaminfr01,PF,24,CHO,79,1835,14.4,.545,.383,.271,2.7,14.5,8.5,11.0,1.0,0.9,7.6,20.5,,2.3,1.3,3.6,.094,,0.6,-0.8,-0.2,0.8
63,Donovan Mitchell\mitchdo01,SG,21,UTA,79,2638,16.7,.541,.404,.218,2.3,10.4,6.4,19.4,2.2,0.9,12.6,29.1,,1.4,3.8,5.2,.095,,0.9,0.3,1.2,2.2
64,Jusuf Nurkić\nurkiju01,C,23,POR,79,2088,19.2,.528,.007,.287,10.0,26.9,18.5,11.7,1.5,4.3,14.6,26.4,,0.8,3.9,4.7,.108,,-1.1,1.1,0.0,1.1
65,Dwight Powell\poweldw01,C,26,DAL,79,1672,18.8,.656,.195,.430,8.7,21.3,14.7,8.5,2.0,1.7,10.3,15.5,,4.6,2.1,6.6,.191,,0.6,1.0,1.6,1.5
66,Anthony Tolliver\tollian01,PF,32,DET,79,1757,13.9,.663,.773,.282,3.1,12.3,7.6,7.5,0.9,1.1,9.9,14.8,,3.8,1.5,5.3,.146,,1.2,-0.3,0.9,1.3
67,Evan Turner\turneev01,SF,29,POR,79,2034,9.9,.520,.229,.185,1.6,11.4,6.5,12.4,1.1,1.2,13.7,15.6,,0.5,2.1,2.6,.061,,-2.9,0.4,-2.5,-0.3
68,Lou Williams\willilo02,SG,31,LAC,79,2589,20.2,.574,.387,.367,1.7,6.6,4.2,26.3,1.6,0.6,13.1,29.8,,5.5,1.2,6.7,.125,,4.2,-1.8,2.3,2.8
69,Carmelo Anthony\anthoca01,PF,33,OKC,78,2501,12.7,.503,.406,.165,2.9,17.7,10.0,6.5,0.9,1.8,7.3,23.2,,1.2,2.5,3.7,.071,,-0.6,-1.3,-1.9,0.0
70,Bogdan Bogdanović\bogdabo01,SG,25,SAC,78,2175,13.5,.556,.426,.154,1.6,10.5,5.8,18.3,1.7,0.7,13.2,19.6,,1.8,1.1,2.9,.064,,-0.6,-0.9,-1.5,0.3
71,Ed Davis\davised01,C,28,POR,78,1471,15.5,.607,.003,.380,13.7,28.8,21.3,3.9,1.1,2.9,16.2,12.1,,2.5,2.5,5.0,.164,,-1.2,0.6,-0.6,0.5
72,Andre Drummond\drumman01,C,24,DET,78,2625,22.9,.555,.012,.448,16.4,36.4,26.2,14.3,2.2,4.3,15.9,21.2,,4.6,5.7,10.3,.189,,1.5,1.7,3.2,3.4
73,Jeff Green\greenje02,PF,31,CLE,78,1828,14.8,.587,.275,.379,3.7,11.2,7.6,8.0,1.1,1.6,9.4,19.3,,3.1,0.8,3.9,.103,,-0.3,-1.5,-1.8,0.1
74,Joe Harris\harrijo01,SG,26,BRK,78,1975,13.3,.634,.576,.167,2.7,11.3,7.0,10.2,0.9,0.8,12.0,16.6,,3.0,0.9,4.0,.097,,0.7,-0.6,0.1,1.0
75,Kyle Lowry\lowryky01,PG,31,TOR,78,2510,19.5,.598,.631,.276,3.0,16.1,9.7,30.9,1.7,0.6,14.7,21.7,,7.0,3.1,10.2,.194,,4.7,0.5,5.2,4.5
76,Frank Ntilikina\ntilila01,PG,19,NYK,78,1706,7.0,.437,.314,.136,2.4,9.1,5.8,20.0,1.9,0.9,19.8,16.9,,-2.0,1.1,-0.9,-0.026,,-4.5,-0.5,-5.0,-1.3
77,Dario Šarić\saricda01,PF,23,PHI,78,2310,15.8,.582,.448,.233,7.5,16.4,12.1,13.0,1.1,0.7,13.1,20.9,,3.8,2.8,6.6,.137,,1.8,-0.5,1.3,1.9
78,Marvin Williams\willima02,PF,31,CHO,78,2006,13.9,.603,.542,.218,3.9,16.2,10.0,7.0,1.4,1.6,9.7,14.8,,3.1,1.9,5.0,.119,,0.6,0.3,1.0,1.5
79,Harrison Barnes\barneha02,PF,25,DAL,77,2634,15.8,.539,.276,.259,3.1,17.1,9.9,9.9,0.9,0.5,8.1,25.2,,2.0,1.9,3.8,.070,,0.8,-1.3,-0.5,1.0
80,Dāvis Bertāns\bertada01,PF,25,SAS,77,1086,14.1,.588,.689,.134,1.8,13.9,7.8,10.3,1.2,2.1,8.5,17.4,,1.6,1.4,3.1,.135,,1.0,0.6,1.6,1.0
81,Wayne Ellington\ellinwa01,SG,30,MIA,77,2041,12.5,.588,.827,.111,1.3,10.7,6.0,5.9,1.3,0.3,6.6,17.3,,2.6,1.9,4.5,.105,,1.0,-0.6,0.4,1.2
82,Derrick Favors\favorde01,C,26,UTA,77,2153,18.8,.593,.090,.306,10.6,18.5,14.6,7.8,1.3,3.2,9.9,18.5,,4.5,3.5,8.0,.179,,0.9,0.7,1.5,1.9
83,Pau Gasol\gasolpa01,C,37,SAS,77,1812,18.9,.539,.191,.333,7.8,30.2,19.0,20.1,0.7,3.6,13.1,20.4,,2.7,3.3,6.0,.159,,1.5,1.9,3.4,2.5
84,Josh Jackson\jacksjo02,SF,20,PHO,77,1959,11.8,.480,.233,.299,5.1,14.2,9.6,10.1,2.0,1.4,12.2,26.0,,-2.0,1.2,-0.7,-0.018,,-2.8,-1.4,-4.2,-1.1
85,DeAndre Jordan\jordade01,C,29,LAC,77,2424,20.2,.648,.000,.540,15.1,37.6,26.5,7.1,0.8,2.4,16.1,15.2,,6.0,3.4,9.4,.186,,1.7,-0.3,1.4,2.1
86,Kyle Kuzma\kuzmaky01,PF,22,LAL,77,2401,14.2,.549,.418,.200,3.9,17.4,10.7,9.1,1.0,1.1,11.0,22.5,,1.5,2.3,3.8,.077,,0.3,-1.0,-0.7,0.8
87,Ian Mahinmi\mahinia01,C,31,WAS,77,1145,12.2,.601,.008,.516,13.4,17.4,15.4,6.6,1.6,3.2,24.7,15.6,,0.8,1.4,2.2,.093,,-4.6,0.2,-4.4,-0.7
88,Jodie Meeks\meeksjo01,SG,30,WAS,77,1119,12.4,.548,.534,.298,1.5,11.2,6.4,9.1,1.3,0.3,7.7,19.0,,1.3,0.8,2.0,.087,,-0.3,-0.8,-1.1,0.3
89,Dirk Nowitzki\nowitdi01,C,39,DAL,77,1900,16.7,.575,.445,.142,1.2,25.2,12.8,10.4,1.1,2.1,6.0,20.5,,2.6,2.2,4.8,.121,,1.7,0.6,2.3,2.1
90,Kyle O'Quinn\oquinky01,C,27,NYK,77,1387,20.0,.625,.044,.331,9.7,27.8,18.8,16.8,1.3,6.1,18.5,17.0,,2.7,2.1,4.8,.166,,0.4,2.6,3.1,1.8
91,Otto Porter\porteot01,SF,24,WAS,77,2432,18.3,.602,.354,.145,4.8,18.1,11.4,10.1,2.4,1.5,7.4,18.4,,5.0,3.1,8.1,.161,,2.6,1.0,3.5,3.4
92,Ricky Rubio\rubiori01,PG,27,UTA,77,2254,15.4,.537,.330,.307,2.2,15.3,8.8,28.4,2.7,0.4,18.1,22.9,,1.5,3.8,5.3,.112,,-0.7,1.5,0.7,1.6
93,Jonas Valančiūnas\valanjo01,C,25,TOR,77,1727,22.5,.628,.108,.307,12.1,30.3,21.4,7.5,0.8,3.2,12.9,22.7,,4.6,3.0,7.6,.210,,2.4,0.0,2.4,1.9
94,Denzel Valentine\valende01,SG,24,CHI,77,2095,12.1,.527,.513,.071,2.4,18.3,10.1,17.8,1.5,0.5,11.8,17.5,,1.0,1.5,2.5,.057,,-1.0,0.0,-1.0,0.5
95,Steven Adams\adamsst01,C,24,OKC,76,2487,20.6,.630,.003,.402,16.6,13.9,15.3,5.5,1.8,2.8,13.3,16.7,,6.7,3.0,9.7,.187,,1.7,-0.6,1.1,2.0
96,Montrezl Harrell\harremo01,C,24,LAC,76,1293,24.7,.647,.013,.405,8.9,17.0,13.0,10.1,1.4,3.4,9.5,23.8,,4.3,1.3,5.5,.205,,3.1,0.2,3.3,1.7
97,John Henson\hensojo01,C,27,MIL,76,1970,15.7,.582,.014,.315,9.0,21.5,15.3,8.6,1.1,4.7,12.8,15.0,,2.8,2.2,4.9,.120,,-1.0,0.1,-0.9,0.5
98,Serge Ibaka\ibakase01,PF,28,TOR,76,2093,14.7,.574,.379,.151,4.3,21.0,12.8,4.4,0.7,3.8,9.7,19.4,,2.1,3.0,5.1,.117,,-0.1,0.0,-0.1,1.0
99,Courtney Lee\leeco01,SG,32,NYK,76,2310,13.0,.564,.368,.164,1.4,9.3,5.4,11.3,1.7,0.6,9.4,16.9,,2.7,1.2,3.9,.082,,-0.1,-0.2,-0.3,1.0
100,T.J. McConnell\mccontj01,PG,25,PHI,76,1706,12.5,.545,.147,.093,2.4,11.5,7.1,24.5,2.6,0.6,20.4,13.8,,1.3,2.5,3.8,.108,,-1.9,1.9,0.0,0.9
101,Kelly Olynyk\olynyke01,PF,26,MIA,76,1779,17.8,.612,.440,.274,5.6,21.6,13.6,18.7,1.7,1.7,17.1,21.7,,2.8,2.7,5.5,.148,,1.1,1.2,2.3,1.9
102,Mike Scott\scottmi01,PF,29,WAS,76,1406,13.6,.599,.311,.145,4.0,15.8,9.9,9.1,0.8,0.6,12.4,20.0,,1.4,1.0,2.5,.085,,-0.6,-1.1,-1.7,0.1
103,Fred VanVleet\vanvlfr01,PG,23,TOR,76,1520,15.9,.556,.479,.185,1.9,11.5,6.8,22.8,2.2,1.0,11.2,19.1,,2.7,2.0,4.7,.149,,1.4,1.0,2.4,1.7
104,Álex Abrines\abrinal01,SG,24,OKC,75,1134,9.0,.567,.759,.158,2.5,8.9,5.6,3.4,1.7,0.6,7.4,12.7,,1.3,1.0,2.2,.094,,-1.9,0.4,-1.5,0.1
105,LaMarcus Aldridge\aldrila01,C,32,SAS,75,2509,25.0,.570,.068,.296,10.8,17.3,14.0,11.3,0.9,3.0,6.8,29.1,,7.4,3.5,10.9,.209,,4.3,-0.4,3.9,3.7
106,Giannis Antetokounmpo\antetgi01,PF,23,MIL,75,2756,27.3,.598,.100,.457,6.7,25.3,16.0,23.7,2.0,3.3,11.7,31.2,,8.3,3.6,11.9,.207,,5.3,0.9,6.2,5.7
107,D.J. Augustin\augusdj01,PG,30,ORL,75,1760,15.4,.615,.504,.350,1.9,8.2,5.0,24.4,1.5,0.0,16.5,18.6,,3.3,0.8,4.1,.110,,1.0,-1.2,-0.2,0.8
108,Allen Crabbe\crabbal01,SG,25,BRK,75,2197,12.3,.558,.643,.163,1.3,14.4,7.8,8.4,1.0,1.2,8.1,19.0,,1.8,1.4,3.2,.070,,0.0,-0.7,-0.7,0.7
109,Anthony Davis\davisan02,PF,24,NOP,75,2727,28.9,.612,.111,.409,7.7,24.8,16.5,10.8,2.0,5.6,8.6,30.0,,8.8,4.9,13.7,.241,,5.3,1.4,6.7,5.9
110,Goran Dragić\dragigo01,PG,31,MIA,75,2378,16.6,.543,.279,.252,2.5,11.9,7.2,25.4,1.3,0.4,12.2,25.7,,2.9,2.3,5.3,.106,,0.9,-0.6,0.3,1.4
111,Mario Hezonja\hezonma01,SF,22,ORL,75,1657,13.7,.544,.433,.170,2.7,16.1,9.3,10.0,2.4,1.5,11.5,19.9,,0.5,1.8,2.3,.066,,-0.9,0.4,-0.5,0.6
112,Nikola Jokić\jokicni01,C,22,DEN,75,2443,24.4,.603,.277,.310,9.0,27.9,18.5,29.6,1.8,2.1,15.5,24.2,,7.8,2.9,10.7,.211,,5.3,1.6,6.9,5.5
113,Victor Oladipo\oladivi01,SG,25,IND,75,2552,23.1,.577,.323,.274,2.1,15.1,8.6,21.2,3.5,2.0,12.7,30.1,,4.3,4.0,8.2,.155,,4.1,1.7,5.8,5.0
114,Tony Snell\snellto01,SG,26,MIL,75,2053,8.5,.578,.631,.113,0.5,7.5,4.0,6.5,1.1,1.2,7.5,10.6,,1.6,0.7,2.4,.056,,-1.5,-0.8,-2.3,-0.1
115,Kyle Anderson\anderky01,SF,24,SAS,74,1978,15.9,.582,.130,.333,4.7,17.6,11.1,14.7,2.9,2.5,15.8,13.5,,2.4,3.8,6.2,.151,,-0.4,3.3,2.9,2.4
116,OG Anunoby\anunoog01,SF,20,TOR,74,1481,10.0,.587,.569,.179,3.4,10.4,7.0,5.0,1.7,0.8,10.8,12.4,,1.4,1.6,3.0,.098,,-1.2,0.6,-0.6,0.5
117,Michael Beasley\beaslmi01,PF,29,NYK,74,1653,17.8,.556,.107,.197,6.5,21.2,13.9,12.5,1.1,2.3,14.0,26.9,,0.9,1.5,2.4,.069,,0.6,-0.8,-0.2,0.7
118,Eric Bledsoe\bledser01,PG,28,TOT,74,2322,19.7,.582,.364,.321,2.6,11.7,7.1,25.7,3.2,1.5,16.1,26.1,,3.1,2.5,5.6,.116,,2.3,0.3,2.5,2.6
119,Kentavious Caldwell-Pope\caldwke01,SG,24,LAL,74,2458,13.2,.561,.520,.243,2.6,14.1,8.4,9.4,2.1,0.5,9.9,16.9,,2.6,2.7,5.3,.103,,-0.4,0.6,0.3,1.4
120,Clint Capela\capelca01,C,23,HOU,74,2034,24.5,.650,.001,.380,13.5,30.8,22.2,5.7,1.4,5.7,11.5,19.4,,6.2,4.1,10.2,.242,,2.4,1.0,3.4,2.8
121,Wilson Chandler\chandwi01,SF,30,DEN,74,2346,10.9,.542,.390,.181,4.9,14.1,9.6,9.4,0.9,1.4,11.9,14.3,,2.1,1.2,3.3,.067,,-1.0,-1.1,-2.1,-0.1
122,Ian Clark\clarkia01,SG,26,NOP,74,1455,9.4,.529,.394,.119,0.8,8.4,4.7,10.4,1.1,0.5,9.9,17.2,,0.3,0.8,1.1,.037,,-2.7,-0.8,-3.5,-0.6
123,John Collins\collijo01,PF,20,ATL,74,1785,18.3,.620,.086,.341,11.0,22.8,16.9,8.9,1.3,3.8,14.3,17.9,,3.4,2.0,5.4,.145,,-0.4,0.2,-0.2,0.8
124,Jerian Grant\grantje02,PG,25,CHI,74,1686,14.3,.528,.372,.374,1.9,9.3,5.5,30.1,1.8,0.4,13.2,17.4,,2.3,1.0,3.3,.094,,-0.9,-0.5,-1.3,0.3
125,Jonas Jerebko\jerebjo01,PF,30,UTA,74,1134,13.2,.586,.460,.167,5.4,19.1,12.3,5.7,1.1,0.9,6.9,15.6,,1.8,1.6,3.4,.144,,-0.4,0.4,0.1,0.6
126,Amir Johnson\johnsam01,C,30,PHI,74,1171,14.9,.575,.123,.327,11.8,18.3,15.2,13.9,1.8,3.1,15.6,12.8,,2.1,2.0,4.1,.169,,-1.2,2.2,1.0,0.9
127,Wesley Johnson\johnswe01,SF,30,LAC,74,1486,9.8,.512,.481,.158,2.2,13.6,8.0,5.6,2.5,3.5,12.3,13.0,,-0.1,1.7,1.7,.055,,-2.5,1.7,-0.7,0.5
128,Michael Kidd-Gilchrist\kiddgmi01,SF,24,CHO,74,1850,12.5,.536,.004,.305,4.8,13.0,8.8,5.9,1.3,1.4,7.7,16.1,,1.7,1.6,3.3,.084,,-2.1,0.0,-2.1,-0.1
129,Brook Lopez\lopezbr01,C,29,LAL,74,1735,16.5,.557,.410,.199,4.6,13.4,9.0,11.6,0.8,4.6,10.2,23.5,,1.9,1.9,3.8,.105,,0.7,0.2,0.9,1.3
130,Thon Maker\makerth01,C,20,MIL,74,1238,10.2,.499,.329,.294,7.1,14.2,10.6,5.2,1.5,3.7,11.0,14.6,,0.3,1.1,1.5,.056,,-3.2,-0.4,-3.5,-0.5
131,Shabazz Napier\napiesh01,PG,26,POR,74,1535,14.2,.544,.411,.260,1.9,10.1,6.0,14.6,2.6,0.7,13.2,19.5,,1.2,2.0,3.2,.101,,-0.7,1.4,0.7,1.0
132,Mason Plumlee\plumlma01,C,27,DEN,74,1439,16.9,.586,.003,.486,10.4,20.9,15.6,14.4,1.7,4.7,18.7,16.6,,1.8,1.8,3.6,.120,,-1.0,1.4,0.5,0.9
133,Domantas Sabonis\sabondo01,C,21,IND,74,1810,17.5,.567,.056,.339,10.4,25.2,17.8,12.7,1.1,1.6,15.3,22.1,,2.5,2.2,4.7,.126,,-0.6,-0.5,-1.1,0.4
134,DeMarre Carroll\carrode01,PF,31,BRK,73,2180,14.3,.550,.498,.313,5.1,18.4,11.7,10.5,1.3,1.0,10.3,19.8,,2.3,1.8,4.1,.091,,0.5,-0.4,0.2,1.2
135,Willie Cauley-Stein\caulewi01,C,24,SAC,73,2044,17.6,.529,.016,.320,7.0,22.0,14.2,13.7,1.9,3.1,11.0,21.8,,1.7,2.2,3.9,.092,,-0.4,0.3,-0.1,1.0
136,Dante Cunningham\cunnida01,SF,30,TOT,73,1562,10.0,.539,.462,.143,5.5,14.9,10.3,4.3,1.2,1.5,7.9,11.6,,1.1,1.3,2.4,.074,,-1.5,-0.2,-1.7,0.1
137,Sam Dekker\dekkesa01,PF,23,LAC,73,883,11.5,.534,.232,.216,5.6,16.0,10.8,6.2,1.3,0.9,10.4,15.5,,0.6,0.6,1.2,.066,,-2.3,-0.6,-2.9,-0.2
138,De'Aaron Fox\foxde01,PG,20,SAC,73,2026,11.2,.478,.192,.245,1.8,10.0,5.7,24.6,1.7,0.9,16.4,23.4,,-1.7,1.1,-0.6,-0.014,,-2.7,-1.5,-4.2,-1.1
139,Marc Gasol\gasolma01,C,33,MEM,73,2408,17.4,.532,.310,.326,3.7,25.3,14.2,21.7,1.1,3.9,14.1,25.6,,1.5,2.6,4.0,.080,,1.7,0.6,2.3,2.7
140,James Johnson\johnsja01,PF,30,MIA,73,1943,15.8,.575,.301,.264,3.5,17.2,10.3,22.5,1.8,2.2,17.1,19.1,,2.2,2.8,5.0,.123,,0.0,1.6,1.6,1.7
141,Luke Kennard\kennalu01,SG,21,DET,73,1463,12.1,.560,.419,.163,1.6,11.9,6.6,12.7,1.5,0.8,12.2,17.2,,1.1,1.4,2.6,.085,,-0.9,0.1,-0.8,0.5
142,Kyle Korver\korveky01,SG,36,CLE,73,1574,13.4,.652,.777,.149,0.7,10.9,5.9,8.0,1.0,1.5,9.6,16.0,,2.8,0.6,3.4,.104,,1.5,-1.2,0.2,0.9
143,Damian Lillard\lillada01,PG,27,POR,73,2670,25.2,.594,.445,.380,2.6,10.6,6.6,30.9,1.4,0.8,11.1,30.6,,9.9,2.7,12.6,.227,,7.0,0.3,7.2,6.3
144,Trey Lyles\lylestr01,PF,22,DEN,73,1391,17.9,.591,.396,.260,4.5,23.5,14.0,10.1,1.1,2.0,9.1,21.1,,2.7,1.2,3.9,.135,,2.0,-0.7,1.3,1.1
145,Jarell Martin\martija01,PF,23,MEM,73,1661,10.5,.516,.198,.234,6.6,15.8,11.1,7.0,1.2,2.8,13.6,17.1,,0.1,1.2,1.3,.038,,-3.3,-0.7,-4.0,-0.8
146,Markieff Morris\morrima02,PF,28,WAS,73,1968,13.2,.566,.301,.186,4.3,19.2,11.8,11.0,1.4,1.7,14.6,19.5,,1.2,2.1,3.3,.080,,-1.3,0.1,-1.3,0.4
147,Semi Ojeleye\ojelese01,PF,23,BOS,73,1150,4.6,.473,.665,.218,3.6,11.6,7.7,2.4,0.9,0.3,10.8,9.0,,-0.2,1.3,1.2,.048,,-4.6,-0.1,-4.7,-0.8
148,Bobby Portis\portibo01,PF,22,CHI,73,1643,19.7,.548,.275,.192,10.0,23.0,16.2,13.2,1.5,1.3,10.5,26.0,,2.0,1.5,3.5,.101,,2.2,-1.3,0.8,1.2
149,Tomáš Satoranský\satorto01,SG,26,WAS,73,1643,15.4,.615,.263,.250,5.0,11.1,8.0,24.8,1.6,0.8,16.3,13.7,,3.7,1.3,5.0,.145,,0.8,0.5,1.2,1.3
150,Lance Thomas\thomala01,PF,29,NYK,73,1353,6.3,.513,.464,.199,3.6,10.7,7.2,4.2,1.1,0.9,12.1,10.7,,0.3,0.6,0.9,.031,,-3.2,-0.5,-3.7,-0.6
151,Klay Thompson\thompkl01,SG,27,GSW,73,2506,16.0,.598,.442,.083,1.5,10.3,6.2,11.2,1.1,1.1,9.5,23.7,,3.1,1.8,4.9,.094,,1.7,-2.1,-0.4,1.0
152,Sindarius Thornwell\thornsi01,SG,23,LAC,73,1156,8.2,.519,.262,.378,3.2,10.0,6.7,7.8,2.0,1.8,16.3,12.1,,0.1,0.9,1.0,.041,,-3.4,1.0,-2.4,-0.1
153,David West\westda01,C,37,GSW,73,999,20.9,.600,.021,.209,7.7,18.2,13.3,20.5,2.3,5.9,16.2,21.7,,1.8,1.7,3.5,.168,,0.7,2.5,3.1,1.3
154,Jarrett Allen\allenja01,C,19,BRK,72,1441,17.5,.636,.038,.370,10.5,18.1,14.3,5.4,0.9,4.6,15.1,16.3,,2.7,1.5,4.2,.141,,-0.9,0.1,-0.8,0.5
155,Corey Brewer\breweco01,SF-SG,31,TOT,72,1208,11.2,.534,.348,.285,3.8,10.0,6.9,7.5,3.2,1.0,12.1,14.3,,0.7,1.6,2.3,.091,,-3.2,1.9,-1.3,0.2
156,Marquese Chriss\chrisma01,PF,20,PHO,72,1527,11.1,.509,.398,.331,5.2,22.7,13.8,8.1,1.6,3.7,16.4,18.1,,-0.8,1.5,0.7,.023,,-3.2,0.4,-2.8,-0.3
157,James Ennis\ennisja01,SF,27,TOT,72,1604,11.6,.588,.398,.302,5.1,11.0,8.0,6.6,1.5,1.0,11.4,13.7,,2.0,1.1,3.1,.092,,-1.1,-0.1,-1.2,0.3
158,James Harden\hardeja01,SG,28,HOU,72,2551,29.8,.619,.498,.502,1.8,15.2,8.6,45.1,2.4,1.7,15.1,36.1,,11.6,3.8,15.4,.289,,8.5,1.4,9.9,7.7
159,Justin Holiday\holidju01,SG,28,CHI,72,2265,10.8,.513,.574,.210,1.4,12.8,6.9,10.1,1.7,1.2,9.8,18.2,,0.1,1.6,1.7,.036,,-1.6,-0.3,-1.9,0.0
160,Al Horford\horfoal01,C,31,BOS,72,2277,17.6,.575,.300,.159,5.0,20.2,12.7,23.6,0.9,2.9,14.1,18.4,,4.0,3.8,7.8,.165,,2.4,2.0,4.4,3.7
161,Tyler Johnson\johnsty01,PG,25,MIA,72,2052,13.0,.549,.456,.181,1.9,11.7,6.8,12.4,1.5,1.4,9.5,18.6,,1.9,2.3,4.2,.097,,-0.5,0.2,-0.3,0.9
162,Maxi Kleber\klebima01,PF,26,DAL,72,1206,13.4,.576,.414,.191,6.3,15.6,10.8,6.4,1.1,3.5,8.2,13.7,,1.6,1.2,2.8,.113,,-1.0,0.5,-0.5,0.5
163,Devin Harris\harride01,PG,34,TOT,71,1340,13.0,.563,.500,.374,1.0,9.8,5.3,16.9,1.8,0.8,12.6,20.2,,1.6,0.9,2.5,.089,,-1.5,-0.3,-1.8,0.1
164,Enes Kanter\kanteen01,C,25,NYK,71,1830,24.0,.630,.003,.258,16.6,30.6,23.6,9.4,1.0,1.7,13.3,21.8,,5.5,2.1,7.6,.198,,3.3,-1.1,2.2,1.9
165,Kosta Koufos\koufoko01,C,28,SAC,71,1391,17.5,.566,.000,.190,11.7,27.6,19.3,9.7,1.7,2.2,10.4,15.2,,2.3,1.5,3.9,.134,,-0.2,-0.2,-0.4,0.6
166,Caris LeVert\leverca01,SF,23,BRK,71,1864,14.2,.525,.333,.254,3.0,11.9,7.4,26.0,2.1,0.9,15.8,22.5,,0.7,1.6,2.3,.058,,-0.8,0.0,-0.8,0.6
167,Shaun Livingston\livinsh01,PG,32,GSW,71,1129,11.6,.533,.015,.178,3.4,9.2,6.5,16.8,1.5,1.5,13.6,16.6,,0.9,0.9,1.8,.077,,-2.8,-0.4,-3.1,-0.3
168,Tyler Ulis\ulisty01,PG,22,PHO,71,1658,10.1,.465,.265,.183,1.5,6.8,4.1,28.0,2.0,0.3,17.6,18.5,,-0.7,0.5,-0.2,-0.006,,-3.0,-1.4,-4.4,-1.0
169,Quincy Acy\acyqu01,PF,27,BRK,70,1359,8.2,.525,.800,.164,3.1,17.1,10.0,6.0,1.2,1.6,13.3,14.4,,-0.1,1.1,1.0,.036,,-2.6,0.1,-2.5,-0.2
170,Jaylen Brown\brownja02,SG,21,BOS,70,2152,13.6,.562,.381,.290,3.4,14.0,8.8,8.5,1.6,1.0,12.0,21.4,,1.2,3.2,4.5,.100,,-0.8,0.3,-0.5,0.8
171,Danny Green\greenda02,SG,30,SAS,70,1791,11.4,.509,.570,.116,2.5,13.0,7.7,8.9,1.8,3.7,11.2,16.6,,0.1,2.9,2.9,.078,,-1.0,1.4,0.4,1.1
172,Draymond Green\greendr01,PF,27,GSW,70,2287,16.1,.556,.414,.279,3.9,21.1,13.1,29.0,2.0,3.1,22.5,17.2,,2.6,3.4,6.1,.127,,0.9,1.9,2.8,2.8
173,C.J. Miles\milescj01,SF,30,TOR,70,1337,13.0,.545,.758,.162,1.5,11.0,6.4,6.0,1.4,1.3,5.7,22.3,,1.4,1.5,2.9,.103,,1.0,-0.7,0.3,0.8
174,David Nwaba\nwabada01,SG,25,CHI,70,1646,12.2,.542,.123,.480,5.6,16.0,10.6,9.4,1.7,1.6,13.1,15.6,,1.1,1.4,2.4,.071,,-2.7,0.2,-2.5,-0.2
175,Norman Powell\powelno01,SG,24,TOR,70,1062,8.5,.492,.497,.104,1.5,10.9,6.3,11.8,1.7,1.2,14.4,18.9,,-0.6,1.2,0.6,.027,,-3.2,0.2,-2.9,-0.3
176,J.J. Redick\redicjj01,SG,33,PHI,70,2116,15.9,.614,.523,.248,0.5,8.3,4.5,15.1,0.8,0.2,9.6,21.7,,4.8,1.8,6.6,.150,,2.2,-1.1,1.1,1.7
177,Jeff Teague\teaguje01,PG,29,MIN,70,2311,16.4,.553,.287,.301,1.2,9.3,5.2,30.6,2.2,0.9,16.4,20.6,,3.4,1.4,4.9,.101,,1.1,-0.7,0.4,1.4
178,Bam Adebayo\adebaba01,C,20,MIA,69,1368,15.7,.570,.021,.526,9.7,21.6,15.6,11.0,1.2,2.5,13.6,15.9,,2.3,1.9,4.2,.148,,-1.1,0.7,-0.4,0.6
179,Al-Farouq Aminu\aminual01,PF,27,POR,69,2072,12.0,.522,.582,.137,5.2,22.3,13.8,5.8,1.9,1.6,11.3,14.8,,0.9,3.2,4.2,.097,,-0.7,1.1,0.4,1.3
180,J.J. Barea\bareajo01,PG,33,DAL,69,1603,17.8,.545,.454,.148,1.0,13.4,7.0,45.1,1.1,0.2,16.3,24.9,,2.3,1.0,3.3,.098,,2.7,-1.5,1.2,1.3
181,Darren Collison\collida01,PG,30,IND,69,2018,18.8,.610,.321,.226,2.1,7.8,5.0,26.4,2.3,0.7,10.9,17.4,,5.8,1.8,7.6,.181,,2.4,0.3,2.7,2.4
182,Eric Gordon\gordoer01,SG,29,HOU,69,2154,15.2,.578,.627,.248,1.3,7.5,4.4,11.7,1.0,1.1,10.8,24.7,,2.9,1.8,4.7,.105,,2.0,-1.6,0.4,1.3
183,Josh Huestis\huestjo01,PF,26,OKC,69,982,5.4,.417,.632,.110,4.6,13.9,9.1,2.7,0.8,4.0,12.0,9.5,,-0.5,1.0,0.5,.024,,-3.9,0.0,-3.9,-0.5
184,Ersan İlyasova\ilyaser01,PF,30,TOT,69,1729,14.9,.558,.413,.220,7.6,18.0,12.9,7.9,1.7,1.3,9.7,18.7,,2.2,1.9,4.0,.112,,-0.2,-0.4,-0.6,0.6
185,Stanley Johnson\johnsst04,SF,21,DET,69,1894,9.0,.480,.418,.259,1.9,13.0,7.3,8.5,2.5,0.7,11.0,16.4,,-0.6,2.4,1.8,.046,,-4.0,1.1,-2.9,-0.4
186,Alex Len\lenal01,C,24,PHO,69,1395,19.4,.612,.008,.611,13.2,26.7,19.8,9.1,0.9,3.5,14.0,17.0,,3.2,1.3,4.5,.154,,0.6,-0.3,0.3,0.8
187,Shelvin Mack\macksh01,PG,27,ORL,69,1365,13.3,.518,.336,.234,1.8,11.6,6.7,29.5,1.9,0.5,16.3,17.6,,1.0,1.0,1.9,.069,,-1.2,-0.2,-1.4,0.2
188,Royce O'Neale\onealro01,SF,24,UTA,69,1150,10.8,.540,.415,.268,2.5,20.6,11.7,12.0,1.6,1.2,14.8,14.6,,0.5,1.8,2.4,.099,,-2.0,1.8,-0.2,0.5
189,Zaza Pachulia\pachuza01,C,33,GSW,69,972,17.0,.612,.004,.352,11.0,25.0,18.5,15.2,1.9,1.4,19.1,17.0,,1.8,1.4,3.3,.161,,-0.7,0.7,0.0,0.5
190,Jonathon Simmons\simmojo02,SG,28,ORL,69,2029,12.7,.555,.268,.317,3.3,9.7,6.5,13.3,1.4,0.6,14.4,22.0,,0.8,1.1,1.9,.045,,-1.7,-1.3,-3.1,-0.5
191,Dennis Smith Jr.\smithde03,PG,20,DAL,69,2049,12.8,.473,.331,.188,2.6,11.8,7.0,29.5,1.7,0.8,14.9,28.9,,-2.4,1.7,-0.7,-0.017,,-1.2,-1.2,-2.4,-0.2
192,Delon Wright\wrighde01,PG,25,TOR,69,1433,16.5,.574,.354,.271,3.6,11.7,7.7,19.6,2.5,1.8,13.9,17.2,,2.5,2.1,4.5,.152,,1.4,1.8,3.3,1.9
193,Trevor Booker\booketr01,PF,30,TOT,68,1158,14.9,.557,.096,.271,11.1,18.6,14.9,10.8,1.2,1.5,13.3,16.6,,1.6,1.3,2.9,.121,,-0.6,0.0,-0.6,0.4
194,Kevin Durant\duranke01,SF,29,GSW,68,2325,26.0,.640,.338,.331,1.6,19.5,11.2,25.5,1.0,4.0,12.9,30.4,,7.5,2.9,10.4,.215,,6.7,0.6,7.3,5.5
195,Rondae Hollis-Jefferson\holliro01,SF,23,BRK,68,1920,16.9,.548,.075,.436,5.5,20.0,12.7,14.2,1.6,1.9,12.3,22.2,,2.1,2.0,4.1,.103,,-0.3,0.4,0.1,1.0
196,Justin Jackson\jacksju01,SF,22,SAC,68,1506,9.2,.521,.442,.086,2.0,12.6,7.1,7.2,0.9,0.8,8.4,14.2,,0.4,0.5,1.0,.031,,-2.4,-1.1,-3.5,-0.6
197,Lauri Markkanen\markkla01,PF,20,CHI,68,2020,15.6,.552,.465,.193,4.0,23.7,13.5,6.4,0.9,1.8,8.2,21.9,,1.7,1.6,3.3,.079,,1.0,-1.2,-0.2,0.9
198,Justise Winslow\winslju01,PF,21,MIA,68,1680,11.5,.496,.264,.213,4.3,20.5,12.4,13.0,1.6,1.7,12.6,16.3,,0.2,2.4,2.6,.075,,-2.2,1.1,-1.1,0.4
199,Trevor Ariza\arizatr01,SF,32,HOU,67,2269,11.8,.567,.710,.137,1.7,12.9,7.3,6.8,2.1,0.5,7.0,14.4,,2.6,2.8,5.3,.113,,0.0,0.7,0.7,1.5
200,Nemanja Bjelica\bjeline01,PF,29,MIN,67,1371,12.6,.581,.493,.121,4.4,18.8,11.5,8.7,1.8,1.0,11.7,14.3,,1.7,1.1,2.8,.097,,-0.1,0.2,0.1,0.7
201,Gary Harris\harriga01,SG,23,DEN,67,2304,16.5,.597,.434,.178,1.8,6.8,4.3,13.0,2.6,0.5,10.8,20.7,,3.9,1.5,5.5,.114,,1.0,-0.2,0.8,1.7
202,George Hill\hillge01,PG,31,TOT,67,1812,13.3,.580,.400,.273,2.6,8.9,5.7,15.0,1.7,1.3,13.3,16.3,,2.3,0.9,3.2,.085,,-0.2,-0.5,-0.8,0.6
203,Eric Moreland\moreler01,PF,26,DET,67,805,13.9,.531,.000,.238,10.9,27.6,19.1,13.3,1.9,5.6,23.8,9.7,,0.7,1.6,2.3,.135,,-2.8,3.3,0.5,0.5
204,Dennis Schröder\schrode01,PG,24,ATL,67,2078,17.3,.515,.229,.231,2.4,8.8,5.6,36.2,1.7,0.2,12.7,30.4,,1.5,1.0,2.6,.059,,1.2,-1.9,-0.6,0.7
205,Isaiah Taylor\taylois01,PG,23,ATL,67,1167,10.9,.492,.205,.362,2.1,6.9,4.5,27.0,1.4,0.7,15.7,20.1,,0.2,0.5,0.6,.027,,-3.1,-1.3,-4.4,-0.7
206,Dwyane Wade\wadedw01,SG,36,TOT,67,1536,15.0,.500,.163,.277,3.7,14.6,9.2,23.5,2.0,2.6,15.5,26.2,,-0.4,1.6,1.1,.036,,-0.9,-0.1,-1.0,0.4
207,Ryan Anderson\anderry01,PF,29,HOU,66,1725,12.6,.592,.706,.194,6.2,15.4,10.8,5.1,0.7,1.0,7.5,14.4,,3.1,1.7,4.8,.132,,0.9,-0.8,0.1,0.9
208,Mario Chalmers\chalmma01,PG,31,MEM,66,1421,10.4,.503,.431,.312,1.0,12.0,6.4,21.5,2.8,0.9,18.8,19.6,,-0.6,1.3,0.6,.021,,-3.7,0.5,-3.2,-0.4
209,Zach Collins\colliza01,C,20,POR,66,1045,7.5,.475,.391,.145,4.7,18.2,11.5,7.1,0.8,2.4,15.9,15.4,,-0.7,1.3,0.6,.030,,-4.5,0.2,-4.3,-0.6
210,Kevon Looney\looneke01,C,21,GSW,66,910,14.8,.588,.026,.399,11.0,15.2,13.2,6.0,1.8,4.9,12.0,12.4,,1.5,1.3,2.8,.145,,-1.2,1.0,-0.2,0.4
211,Larry Nance Jr.\nancela02,C,25,TOT,66,1421,20.2,.605,.029,.332,12.4,22.0,17.3,8.6,3.0,2.2,9.7,15.9,,3.5,2.3,5.8,.196,,0.9,1.5,2.4,1.6
212,Tyler Zeller\zellety01,C,28,TOT,66,1109,16.0,.598,.084,.237,11.0,19.4,15.2,6.7,0.7,2.5,11.3,16.4,,2.0,0.9,2.9,.126,,-0.5,-0.9,-1.4,0.2
213,Kent Bazemore\bazemke01,SG,28,ATL,65,1789,14.5,.547,.405,.297,1.6,13.9,7.7,20.1,2.7,2.2,17.0,22.5,,0.2,2.0,2.2,.059,,-0.4,1.0,0.6,1.2
214,Manu Ginóbili\ginobma01,SG,40,SAS,65,1299,12.9,.553,.415,.283,1.6,10.6,6.1,19.1,1.7,1.0,16.8,21.5,,0.6,1.6,2.2,.082,,-1.5,0.2,-1.3,0.2
215,JaVale McGee\mcgeeja01,C,30,GSW,65,615,22.3,.641,.027,.237,11.5,18.7,15.4,8.0,1.6,7.3,10.0,19.2,,1.7,1.1,2.7,.212,,0.3,1.2,1.5,0.5
216,Rajon Rondo\rondora01,PG,31,NOP,65,1705,15.3,.522,.304,.093,2.0,14.2,8.4,42.2,2.0,0.5,22.7,16.9,,1.9,1.7,3.6,.101,,0.0,-0.4,-0.3,0.7
217,Garrett Temple\templga01,SG,31,SAC,65,1615,10.2,.536,.477,.164,1.5,9.6,5.4,11.3,1.8,1.6,13.4,16.4,,0.3,0.9,1.2,.035,,-2.2,-0.3,-2.5,-0.2
218,Myles Turner\turnemy01,C,21,IND,65,1836,16.6,.567,.246,.322,5.8,19.8,12.8,7.0,1.0,5.7,11.6,20.0,,2.2,2.5,4.7,.122,,-0.6,0.4,-0.2,0.8
219,T.J. Warren\warretj01,SF,24,PHO,65,2142,17.6,.541,.085,.240,6.1,10.5,8.3,7.2,1.5,1.5,6.7,24.9,,2.6,0.8,3.4,.077,,0.8,-1.6,-0.7,0.7
220,Nicolas Batum\batumni01,SG,29,CHO,64,1981,14.4,.523,.422,.200,3.1,13.8,8.4,26.2,1.6,1.0,15.6,18.3,,1.7,1.8,3.5,.084,,0.5,-0.1,0.4,1.2
221,Alec Burks\burksal01,SG,26,UTA,64,1059,13.1,.527,.343,.300,2.1,18.4,10.3,10.0,1.8,0.6,11.4,22.5,,0.2,1.6,1.9,.084,,-1.3,0.4,-0.9,0.3
222,Andre Iguodala\iguodan01,SF,34,GSW,64,1622,11.2,.536,.366,.272,3.7,12.6,8.5,16.2,1.6,1.9,15.8,11.5,,1.6,1.6,3.2,.094,,-1.1,0.8,-0.3,0.7
223,Robin Lopez\lopezro01,C,29,CHI,64,1690,14.7,.552,.022,.140,8.2,10.3,9.2,12.3,0.4,2.8,13.5,20.4,,1.2,0.7,1.9,.055,,-0.9,-1.3,-2.2,-0.1
224,Emmanuel Mudiay\mudiaem01,PG,21,TOT,64,1245,11.5,.474,.281,.245,2.3,11.3,6.8,24.5,1.6,0.8,16.2,24.4,,-0.8,0.7,0.0,-0.002,,-2.1,-1.8,-3.9,-0.6
225,Brandon Paul\paulbr01,SG,26,SAS,64,576,7.4,.504,.425,.339,1.1,12.0,6.5,9.0,2.2,1.0,16.6,13.6,,-0.3,0.8,0.5,.045,,-5.1,1.6,-3.5,-0.2
226,Joel Embiid\embiijo01,C,23,PHI,63,1912,22.9,.573,.203,.442,8.4,29.7,19.4,18.0,1.0,4.8,15.6,33.4,,2.3,3.8,6.2,.155,,2.0,1.3,3.3,2.6
227,Treveon Graham\grahatr01,SG,24,CHO,63,1050,9.0,.553,.439,.267,4.3,8.3,6.2,7.8,1.5,0.2,9.9,11.3,,1.1,0.7,1.8,.080,,-2.8,0.1,-2.7,-0.2
228,Josh Hart\hartjo01,SG,22,LAL,63,1461,12.2,.596,.525,.251,3.1,16.0,9.6,7.6,1.5,0.9,10.1,13.5,,1.9,1.5,3.4,.111,,-0.6,0.5,-0.1,0.7
229,Wesley Matthews\matthwe02,SF,31,DAL,63,2131,11.4,.541,.577,.145,1.4,9.2,5.2,12.3,1.8,0.7,10.1,17.6,,1.0,1.6,2.6,.059,,-1.0,0.1,-0.9,0.6
230,Malik Monk\monkma01,SG,19,CHO,63,854,10.3,.477,.572,.089,1.0,7.5,4.2,16.9,1.1,0.9,10.0,24.9,,-0.5,0.5,0.0,.000,,-1.3,-2.0,-3.4,-0.3
231,Elfrid Payton\paytoel01,PG,23,TOT,63,1808,16.5,.538,.138,.252,3.8,12.8,8.2,34.9,2.2,1.0,18.5,21.9,,1.4,1.4,2.8,.075,,0.1,-0.3,-0.2,0.8
232,Daniel Theis\theisda01,C,25,BOS,63,936,16.1,.616,.249,.348,10.7,21.2,16.0,9.1,1.6,4.3,17.2,15.5,,1.6,1.9,3.5,.178,,-2.0,2.3,0.3,0.5
233,Ekpe Udoh\udohek01,C,30,UTA,63,810,15.2,.560,.008,.467,9.6,11.4,10.5,9.1,2.7,7.7,12.1,9.1,,1.3,1.8,3.2,.187,,-1.3,4.4,3.1,1.1
234,Malik Beasley\beaslma01,SG,21,DEN,62,583,9.0,.509,.461,.185,2.7,11.0,6.9,7.4,1.3,1.0,11.1,16.2,,0.1,0.3,0.3,.028,,-2.4,-1.4,-3.8,-0.3
235,Reggie Bullock\bullore01,SF,26,DET,62,1732,13.6,.615,.515,.090,1.7,8.3,4.9,8.4,1.4,0.7,7.6,15.7,,2.8,1.4,4.2,.117,,0.7,0.0,0.7,1.2
236,Deyonta Davis\davisde01,C,21,MEM,62,943,16.6,.621,.000,.215,9.0,22.0,15.3,7.1,0.8,3.9,9.9,15.3,,1.9,0.8,2.7,.138,,-0.9,-0.6,-1.5,0.1
237,Dewayne Dedmon\dedmode01,C,28,ATL,62,1542,15.8,.599,.296,.180,7.2,28.1,17.7,9.2,1.3,2.8,14.3,17.0,,1.8,1.9,3.7,.114,,-0.4,0.5,0.1,0.8
238,Wesley Iwundu\iwundwe01,SF,23,ORL,62,1020,7.8,.480,.211,.216,3.9,11.0,7.4,7.8,1.6,0.9,11.2,11.6,,0.0,0.7,0.7,.032,,-4.2,-0.1,-4.3,-0.6
239,Jarrett Jack\jackja01,PG,34,NYK,62,1548,11.5,.489,.194,.169,1.6,12.1,6.8,31.3,1.1,0.2,19.5,16.7,,0.5,0.7,1.2,.036,,-1.6,-1.3,-2.8,-0.3
240,Terrance Ferguson\fergute01,SG,19,OKC,61,763,7.4,.545,.710,.059,2.7,4.2,3.4,3.4,1.6,1.2,6.0,10.4,,0.7,0.5,1.2,.077,,-3.2,-0.1,-3.3,-0.3
241,Luc Mbah a Moute\mbahalu01,PF,31,HOU,61,1564,10.3,.595,.501,.275,1.6,11.7,6.7,5.0,2.3,1.4,15.0,12.8,,0.8,2.1,2.8,.087,,-1.6,1.4,-0.2,0.7
242,Salah Mejri\mejrisa01,C,31,DAL,61,729,17.8,.644,.022,.482,12.5,25.4,18.7,7.2,1.5,8.2,19.0,12.8,,1.3,1.3,2.7,.175,,-2.0,2.8,0.7,0.5
243,Cedi Osman\osmande01,SF,22,CLE,61,672,11.0,.577,.468,.247,3.2,16.6,10.0,8.7,1.6,0.4,13.4,15.7,,0.5,0.4,0.9,.064,,-2.1,-0.7,-2.9,-0.1
244,Austin Rivers\riverau01,SG,25,LAC,61,2057,12.6,.526,.447,.198,1.5,6.2,3.9,17.5,1.7,0.6,11.1,20.6,,1.4,1.0,2.4,.056,,-0.3,-0.9,-1.2,0.4
245,Rodney Hood\hoodro01,SG,25,TOT,60,1616,14.3,.546,.443,.172,1.6,9.9,5.8,9.7,1.4,0.6,8.0,24.3,,1.2,1.5,2.7,.081,,0.8,-0.9,-0.1,0.8
246,Kyrie Irving\irvinky01,PG,25,BOS,60,1931,25.0,.610,.374,.240,1.9,10.8,6.4,30.7,1.7,0.7,10.4,31.0,,6.3,2.7,8.9,.222,,6.4,0.9,7.3,4.5
247,Skal Labissière\labissk01,PF,21,SAC,60,1240,14.3,.513,.111,.258,8.7,18.1,13.2,9.1,1.0,3.7,12.5,21.1,,0.4,1.0,1.4,.054,,-1.9,-0.8,-2.7,-0.2
248,Jimmy Butler\butleji01,SG,28,MIN,59,2164,23.7,.590,.217,.461,4.2,12.7,8.4,20.6,2.7,1.0,8.9,24.9,,7.1,1.8,8.9,.198,,5.0,0.7,5.8,4.2
249,Tim Frazier\fraziti01,PG,27,WAS,59,838,11.3,.475,.326,.174,2.4,13.1,7.8,31.1,2.8,0.7,23.5,12.8,,0.4,1.0,1.4,.080,,-2.8,1.8,-0.9,0.2
250,Maurice Harkless\harklma01,SF,24,POR,59,1264,12.6,.596,.397,.199,4.0,9.9,7.0,6.0,1.9,2.8,11.0,12.6,,1.6,1.7,3.2,.123,,-0.4,1.7,1.4,1.1
251,Brandon Ingram\ingrabr01,SF,20,LAL,59,1975,13.8,.536,.138,.371,3.1,13.8,8.5,17.7,1.1,1.8,14.4,22.2,,1.0,1.8,2.8,.068,,-0.9,-0.3,-1.2,0.4
252,Kevin Love\loveke01,C,29,CLE,59,1651,22.4,.614,.453,.365,7.0,29.8,18.6,9.8,1.3,1.2,9.6,25.1,,4.7,1.6,6.4,.185,,4.5,-1.3,3.3,2.2
253,Zach Randolph\randoza01,PF,36,SAC,59,1508,17.3,.529,.193,.140,7.0,23.7,15.0,14.9,1.4,0.6,12.5,27.6,,0.3,1.2,1.5,.048,,0.5,-1.5,-1.0,0.4
254,Vince Carter\cartevi01,SF,41,SAC,58,1026,10.8,.523,.583,.131,1.9,15.1,8.2,9.7,2.1,2.4,10.7,14.7,,0.3,0.9,1.2,.056,,-1.9,0.7,-1.2,0.2
255,Langston Galloway\gallola01,SG,26,DET,58,863,12.2,.503,.641,.121,1.6,10.3,5.9,10.1,2.0,0.5,4.8,19.3,,0.5,0.9,1.4,.080,,-0.2,0.2,0.1,0.5
256,Aaron Gordon\gordoaa01,PF,22,ORL,58,1909,16.5,.530,.395,.260,5.0,21.5,13.2,11.7,1.5,1.9,10.0,24.7,,0.9,2.0,2.9,.072,,0.9,-0.6,0.3,1.1
257,Blake Griffin\griffbl01,PF,28,TOT,58,1970,19.6,.544,.323,.331,4.1,19.8,12.0,28.1,1.0,0.8,12.6,28.9,,3.2,1.8,4.9,.120,,3.6,-0.2,3.4,2.7
258,DeAndre Liggins\liggide01,SG,29,TOT,58,724,6.0,.467,.500,.047,1.1,10.6,5.9,8.4,2.5,1.6,15.6,7.9,,-0.2,0.7,0.5,.034,,-4.3,1.8,-2.5,-0.1
259,Chris Paul\paulch01,PG,32,HOU,58,1847,24.4,.604,.475,.277,2.3,16.7,9.5,40.9,2.6,0.6,12.5,24.5,,7.5,2.7,10.2,.265,,5.2,1.8,7.1,4.2
260,Jordan Bell\belljo01,C,23,GSW,57,809,18.0,.641,.022,.238,8.9,19.0,14.3,16.9,2.1,5.5,20.0,13.9,,1.6,1.4,2.9,.174,,0.0,2.8,2.8,1.0
261,José Calderón\caldejo01,PG,36,CLE,57,914,11.3,.643,.524,.162,1.7,8.5,5.2,17.4,1.4,0.2,17.1,11.6,,1.5,0.3,1.8,.095,,-1.4,-0.5,-1.9,0.0
262,Evan Fournier\fournev01,SF,25,ORL,57,1837,15.5,.577,.418,.216,1.4,9.5,5.4,14.8,1.3,0.7,9.8,23.3,,2.4,0.9,3.3,.087,,0.8,-1.4,-0.6,0.7
263,Rudy Gay\gayru01,PF,31,SAS,57,1231,18.0,.545,.220,.270,6.8,19.5,13.1,9.8,1.9,2.6,11.5,24.6,,1.0,2.1,3.1,.122,,0.2,0.6,0.8,0.9
264,Tim Hardaway Jr.\hardati02,SG,25,NYK,57,1885,14.4,.533,.479,.209,1.9,11.3,6.6,12.7,1.6,0.5,9.0,23.8,,1.6,1.1,2.6,.067,,0.5,-1.1,-0.6,0.7
265,Patrick McCaw\mccawpa01,SG,22,GSW,57,961,7.4,.477,.356,.151,2.0,7.2,4.8,10.6,2.2,0.8,14.6,12.8,,-0.3,0.8,0.6,.029,,-4.3,0.1,-4.1,-0.5
266,Nikola Vučević\vucevni01,C,27,ORL,57,1683,19.7,.533,.243,.112,6.6,27.8,17.1,19.9,1.6,3.0,11.0,25.9,,1.3,2.3,3.6,.102,,1.7,1.0,2.7,2.0
267,Tyler Dorsey\dorsety01,SG,21,ATL,56,974,10.0,.494,.521,.165,1.9,12.9,7.4,12.5,0.9,0.4,8.3,20.0,,0.0,0.4,0.4,.020,,-1.4,-1.5,-2.9,-0.2
268,Rudy Gobert\goberru01,C,25,UTA,56,1816,20.7,.657,.000,.673,10.4,27.0,18.8,6.9,1.2,6.0,15.7,16.9,,4.2,3.9,8.1,.214,,0.9,2.5,3.4,2.5
269,Andrew Harrison\harrian01,PG,23,MEM,56,1326,12.7,.534,.331,.371,2.0,9.7,5.7,21.3,1.4,1.8,14.0,19.6,,1.0,0.7,1.7,.062,,-1.0,-0.5,-1.5,0.2
270,Ben McLemore\mclembe01,SG,24,MEM,56,1091,9.7,.526,.426,.172,3.5,11.4,7.4,7.5,1.8,1.3,13.2,19.0,,-0.2,0.7,0.5,.023,,-2.9,-1.0,-3.9,-0.5
271,Cristiano Felício\feliccr01,C,25,CHI,55,977,12.5,.614,.009,.377,8.8,17.1,12.8,8.4,0.8,1.0,17.7,13.6,,1.2,0.5,1.7,.086,,-2.8,-1.1,-3.9,-0.5
272,JaMychal Green\greenja01,PF,27,MEM,55,1542,14.0,.530,.260,.227,10.8,24.4,17.4,8.3,1.0,1.5,12.4,17.8,,1.3,1.3,2.6,.079,,-0.8,-1.5,-2.3,-0.1
273,Joe Johnson\johnsjo02,SF,36,TOT,55,1205,8.1,.490,.403,.125,1.3,14.7,8.1,10.2,0.7,0.5,11.4,15.9,,-0.3,1.3,1.0,.040,,-2.7,-0.2,-2.9,-0.3
274,Joffrey Lauvergne\lauvejo01,C,26,SAS,55,534,16.5,.536,.026,.247,13.0,22.6,17.8,12.2,0.9,0.5,13.5,20.4,,0.6,0.7,1.3,.120,,-0.4,-0.6,-1.0,0.1
275,Nikola Mirotić\mirotni01,PF,26,TOT,55,1494,18.7,.577,.523,.200,4.3,24.9,14.6,8.6,1.4,2.2,7.7,23.4,,2.2,1.8,4.0,.128,,2.5,-0.3,2.2,1.6
276,Tony Parker\parketo01,PG,35,SAS,55,1071,12.7,.498,.095,.201,0.7,9.2,4.9,28.2,1.3,0.1,13.9,20.5,,0.4,1.1,1.4,.065,,-2.3,-0.9,-3.3,-0.3
277,Miles Plumlee\plumlmi01,C,29,ATL,55,918,10.6,.574,.000,.333,9.4,18.3,13.9,7.2,0.9,2.8,23.4,12.8,,0.1,0.7,0.9,.046,,-3.7,-0.1,-3.8,-0.4
278,Devin Booker\bookede01,SG,21,PHO,54,1865,18.1,.561,.364,.312,1.5,12.7,7.0,24.4,1.2,0.6,13.9,31.7,,1.9,0.6,2.4,.063,,2.9,-2.0,0.9,1.4
279,Sterling Brown\brownst02,SG,22,MIL,54,776,9.1,.503,.444,.117,4.1,17.5,10.8,4.5,2.0,1.4,10.4,14.0,,0.0,0.7,0.7,.043,,-2.8,-0.2,-3.1,-0.2
280,Malcolm Delaney\delanma01,PG,28,ATL,54,1014,10.6,.519,.435,.323,1.0,10.0,5.5,23.4,1.7,0.5,16.9,16.9,,0.4,0.6,1.0,.047,,-2.2,-0.4,-2.6,-0.1
281,Tyler Ennis\ennisty01,PG,23,LAL,54,683,11.1,.473,.250,.129,3.0,11.8,7.4,21.9,2.1,1.2,13.8,17.1,,0.1,0.7,0.8,.058,,-3.0,0.9,-2.1,0.0
282,Shane Larkin\larkish01,PG,25,BOS,54,775,10.3,.491,.393,.169,2.1,10.7,6.5,18.5,1.9,0.2,12.3,15.5,,0.3,1.1,1.4,.087,,-2.8,1.1,-1.7,0.1
283,Marcus Morris\morrima03,PF,28,BOS,54,1442,14.5,.541,.383,.252,3.3,18.4,11.0,8.2,1.2,0.7,8.7,23.0,,1.1,2.2,3.2,.108,,-0.1,-0.1,-0.1,0.7
284,Marcus Smart\smartma01,SG,23,BOS,54,1614,10.8,.479,.483,.258,3.0,9.8,6.4,23.7,2.2,1.2,18.4,19.4,,-0.6,2.5,1.9,.056,,-2.1,1.0,-1.2,0.3
285,Noah Vonleh\vonleno01,PF,22,TOT,54,875,12.8,.509,.282,.248,8.5,30.2,19.2,5.7,1.1,1.6,10.7,14.5,,0.5,1.2,1.6,.090,,-1.1,-0.2,-1.3,0.2
286,Hassan Whiteside\whiteha01,C,28,MIA,54,1364,24.1,.573,.003,.315,14.3,36.6,25.4,6.9,1.4,5.9,12.3,24.7,,2.3,3.0,5.3,.187,,1.5,1.1,2.6,1.6
287,Paul Zipser\zipsepa01,SF,23,CHI,54,824,5.2,.445,.470,.107,1.6,16.0,8.5,8.0,1.2,1.6,14.9,15.2,,-1.1,0.6,-0.6,-0.034,,-5.5,-0.5,-6.1,-0.8
288,Arron Afflalo\afflaar01,SG,32,ORL,53,682,5.8,.516,.432,.160,0.6,10.1,5.3,6.2,0.3,1.1,10.8,12.5,,-0.1,0.2,0.1,.009,,-3.8,-1.5,-5.4,-0.6
289,Dwayne Bacon\bacondw01,SG,22,CHO,53,713,5.8,.431,.224,.130,0.6,18.5,9.4,7.5,1.1,0.2,10.2,13.7,,-0.7,0.6,-0.1,-0.007,,-4.8,0.1,-4.7,-0.5
290,Omri Casspi\casspom01,SF,29,GSW,53,740,15.5,.632,.106,.333,4.9,24.0,15.1,9.5,1.2,2.0,13.5,16.3,,1.2,1.0,2.2,.141,,-0.9,0.0,-0.9,0.2
291,Channing Frye\fryech01,C,34,TOT,53,695,13.1,.599,.542,.090,1.9,19.4,10.8,7.9,1.3,1.6,8.7,15.2,,0.9,0.6,1.5,.101,,-0.5,0.0,-0.5,0.3
292,T.J. Leaf\leaftj01,PF,20,IND,53,459,10.7,.545,.309,.118,7.2,13.0,10.1,2.8,0.5,0.8,6.5,14.9,,0.5,0.3,0.8,.082,,-1.4,-1.7,-3.1,-0.1
293,Mike Muscala\muscami01,C,26,ATL,53,1060,14.4,.597,.535,.199,5.9,18.3,12.1,7.3,1.4,2.2,11.0,15.7,,1.5,0.9,2.4,.109,,0.3,0.1,0.3,0.6
294,Tristan Thompson\thomptr01,C,26,CLE,53,1072,13.6,.569,.000,.336,13.4,23.3,18.4,4.3,0.7,1.3,11.8,12.6,,1.8,0.7,2.5,.113,,-1.0,-1.9,-2.9,-0.2
295,Joe Young\youngjo01,PG,25,IND,53,558,10.1,.521,.355,.156,2.4,10.3,6.4,9.9,1.3,0.2,11.6,18.0,,0.1,0.4,0.5,.043,,-2.3,-1.2,-3.5,-0.2
296,Lonzo Ball\balllo01,PG,20,LAL,52,1780,12.5,.444,.523,.126,4.2,17.3,10.8,29.2,2.4,2.0,18.6,17.4,,-0.5,2.5,2.0,.053,,-0.7,1.6,1.0,1.3
297,Michael Carter-Williams\cartemi01,PG,26,CHO,52,835,10.8,.446,.258,.389,4.7,13.3,8.9,19.4,2.6,2.3,16.2,16.6,,-0.2,1.1,0.9,.050,,-3.3,1.8,-1.5,0.1
298,Cheick Diallo\diallch01,PF,21,NOP,52,581,17.0,.619,.000,.375,9.1,29.6,19.7,4.7,0.9,2.9,12.0,17.4,,1.1,0.8,1.9,.157,,-1.3,0.1,-1.2,0.1
299,Kris Dunn\dunnkr01,PG,23,CHI,52,1525,14.5,.488,.201,.171,1.6,14.4,7.8,33.3,3.3,1.6,17.3,24.7,,-1.0,1.9,0.9,.027,,-2.4,1.1,-1.3,0.3
300,Tyreke Evans\evansty01,PG,28,MEM,52,1607,21.1,.561,.354,.258,3.1,16.3,9.5,31.2,1.8,1.0,11.5,28.4,,3.1,1.2,4.2,.126,,4.9,-0.5,4.5,2.6
301,Nenê\hilarne01,C,35,HOU,52,758,16.4,.594,.008,.448,8.1,18.0,13.1,9.5,1.8,1.6,11.7,18.9,,1.5,1.1,2.6,.163,,-1.6,0.6,-1.0,0.2
302,Sean Kilpatrick\kilpase01,SG,28,TOT,52,640,11.6,.507,.490,.245,0.8,14.2,7.5,11.3,1.0,0.7,10.4,24.9,,-0.2,0.3,0.1,.008,,-1.1,-1.7,-2.8,-0.1
303,Timothé Luwawu-Cabarrot\luwawti01,SF,22,PHI,52,807,7.0,.511,.592,.217,1.9,7.5,4.8,9.3,0.7,0.5,11.5,17.5,,0.1,0.7,0.8,.046,,-3.1,-1.1,-4.1,-0.4
304,Frank Mason III\masonfr01,PG,23,SAC,52,984,13.0,.480,.226,.303,3.3,12.1,7.5,22.7,1.7,1.0,13.1,22.6,,0.0,0.6,0.5,.027,,-1.3,-1.0,-2.3,-0.1
305,Marreese Speights\speigma01,C,30,ORL,52,675,13.7,.539,.668,.158,3.4,18.4,10.8,9.8,0.6,2.6,9.7,26.9,,0.1,0.5,0.6,.045,,0.2,-1.4,-1.1,0.1
306,Tarik Black\blackta01,C,26,HOU,51,536,14.3,.582,.087,.496,13.4,20.9,17.1,3.7,1.9,4.8,18.4,15.6,,0.5,1.0,1.5,.136,,-3.7,1.2,-2.6,-0.1
307,Stephen Curry\curryst01,PG,29,GSW,51,1631,28.2,.675,.580,.350,2.7,14.4,9.0,30.3,2.4,0.4,13.3,31.0,,7.2,1.9,9.1,.267,,7.8,0.0,7.7,4.0
308,Greg Monroe\monrogr01,C,27,TOT,51,1040,21.2,.598,.000,.308,11.4,25.2,18.3,18.7,2.1,1.8,17.7,22.4,,1.8,1.6,3.4,.155,,1.3,1.0,2.2,1.1
309,Jason Terry\terryja01,SG,40,MIL,51,814,8.1,.525,.747,.058,0.7,6.2,3.5,9.7,2.6,1.4,13.7,10.1,,0.1,0.6,0.7,.042,,-2.6,0.6,-2.0,0.0
310,Luke Babbitt\babbilu01,SF,28,TOT,50,715,9.8,.576,.726,.102,1.1,13.9,7.5,6.5,0.5,0.8,7.8,15.0,,0.5,0.4,0.9,.060,,-0.9,-1.5,-2.4,-0.1
311,Jameer Nelson\nelsoja01,PG,35,TOT,50,1013,8.1,.489,.508,.082,1.4,9.5,5.6,22.8,1.3,0.3,21.0,13.7,,-0.1,0.7,0.6,.028,,-2.9,-0.4,-3.3,-0.3
312,Lucas Nogueira\noguelu01,C,25,TOR,49,418,17.3,.661,.238,.350,4.9,18.1,11.7,7.2,2.7,8.2,14.8,11.4,,0.7,1.0,1.6,.188,,0.1,5.0,5.2,0.8
313,Malcolm Brogdon\brogdma01,PG,25,MIL,48,1436,14.3,.578,.320,.169,1.9,10.8,6.4,16.3,1.4,0.8,10.9,19.1,,2.0,0.7,2.7,.091,,-0.1,-1.0,-1.2,0.3
314,DeMarcus Cousins\couside01,C,27,NOP,48,1737,22.6,.583,.340,.456,6.8,30.9,19.2,23.0,2.2,3.5,18.9,31.9,,1.5,3.2,4.7,.130,,2.5,2.2,4.7,2.9
315,Jared Dudley\dudleja01,PF,32,PHO,48,686,8.8,.553,.656,.287,1.2,13.6,7.3,15.6,1.7,1.3,16.9,10.2,,0.5,0.4,0.8,.058,,-3.0,0.5,-2.5,-0.1
316,Jawun Evans\evansja01,PG,21,LAC,48,778,7.2,.421,.213,.194,1.3,10.4,5.9,17.8,2.3,0.6,13.8,17.7,,-0.8,0.6,-0.2,-0.011,,-5.4,0.4,-5.0,-0.6
317,Willy Hernangómez\hernawi01,C,23,TOT,48,495,21.2,.604,.073,.549,13.3,27.2,20.2,10.5,1.8,2.7,14.7,21.0,,1.1,0.7,1.8,.174,,0.9,0.5,1.4,0.4
318,Richaun Holmes\holmeri01,C,24,PHI,48,746,17.4,.585,.129,.232,8.6,21.4,15.2,12.3,1.3,3.2,8.6,16.6,,1.6,1.3,2.8,.183,,-0.3,1.4,1.1,0.6
319,Abdel Nader\naderab01,SF,24,BOS,48,522,5.1,.439,.436,.262,2.8,12.0,7.4,7.1,1.4,1.6,17.0,17.1,,-0.9,0.8,-0.1,-0.014,,-5.5,0.2,-5.3,-0.4
320,Kristaps Porziņģis\porzikr01,PF,22,NYK,48,1553,20.4,.539,.256,.309,4.4,18.1,11.3,6.2,1.1,6.4,8.4,31.0,,1.4,1.8,3.2,.099,,1.9,-0.1,1.8,1.5
321,D'Angelo Russell\russeda01,PG,21,BRK,48,1234,15.2,.509,.414,.195,2.6,13.8,8.1,35.7,1.4,1.0,16.8,30.8,,-0.5,0.9,0.4,.014,,0.8,-2.0,-1.2,0.3
322,Avery Bradley\bradlav01,SG,27,TOT,46,1433,9.6,.496,.325,.131,1.7,7.3,4.5,10.4,1.8,0.5,13.3,23.5,,-1.4,1.2,-0.2,-0.007,,-3.0,-1.0,-4.0,-0.7
323,Tyson Chandler\chandty01,C,35,PHO,46,1151,14.2,.658,.000,.497,12.2,26.8,19.4,6.6,0.7,1.9,20.6,10.6,,1.9,0.8,2.7,.111,,-0.8,-0.6,-1.4,0.2
324,Reggie Jackson\jacksre01,PG,27,DET,45,1201,15.9,.516,.293,.232,2.6,9.0,5.7,32.8,1.1,0.3,13.5,27.1,,1.1,0.9,2.0,.078,,1.0,-1.4,-0.4,0.5
325,Miloš Teodosić\teodomi01,PG,30,LAC,45,1134,11.6,.564,.644,.128,1.6,10.5,6.1,26.2,1.0,0.4,20.3,18.2,,0.9,0.5,1.4,.058,,-0.3,-1.5,-1.7,0.1
326,Damyean Dotson\dotsoda01,SG,23,NYK,44,474,11.6,.532,.422,.143,2.1,17.5,9.8,9.5,1.3,0.4,9.0,17.3,,0.3,0.3,0.6,.060,,-1.6,-0.6,-2.3,0.0
327,Shabazz Muhammad\muhamsh01,SF-SG,25,TOT,43,418,15.4,.510,.144,.266,6.3,14.8,10.6,5.7,1.1,0.6,2.8,23.0,,0.5,0.2,0.7,.081,,-0.3,-2.3,-2.5,-0.1
328,Ivica Zubac\zubaciv01,C,20,LAL,43,410,15.3,.557,.008,.418,11.8,20.1,16.0,8.8,0.9,3.0,15.3,17.6,,0.5,0.5,1.0,.118,,-1.8,-0.3,-2.0,0.0
329,Khem Birch\birchkh01,C,25,ORL,42,578,16.4,.582,.000,.484,13.2,21.1,17.1,8.5,1.3,2.9,12.1,13.2,,1.2,0.6,1.8,.150,,-0.7,-0.2,-0.9,0.2
330,Marcus Georges-Hunt\georgma01,SG,23,MIN,42,224,6.9,.515,.313,.438,3.6,4.7,4.1,4.1,1.3,0.0,5.0,11.9,,0.2,0.0,0.2,.049,,-4.3,-0.9,-5.1,-0.2
331,Willie Reed\reedwi02,C,27,TOT,42,428,19.2,.671,.017,.455,9.1,21.8,15.5,3.6,1.0,4.3,11.6,16.6,,1.0,0.5,1.5,.172,,0.5,0.3,0.8,0.3
332,Gerald Green\greenge01,SG,32,HOU,41,929,14.1,.566,.722,.145,1.8,14.2,8.1,4.3,1.3,1.4,6.6,22.4,,1.0,1.0,2.1,.107,,1.0,-0.8,0.3,0.5
333,Raul Neto\netora01,PG,25,UTA,41,498,11.9,.550,.311,.232,1.6,9.5,5.6,23.0,1.3,0.7,17.8,18.3,,0.3,0.6,0.9,.086,,-1.6,0.2,-1.4,0.1
334,Nik Stauskas\stausni01,SG,24,TOT,41,523,9.0,.543,.649,.188,0.8,12.3,6.5,11.1,0.8,0.6,13.5,15.9,,0.1,0.3,0.3,.031,,-1.3,-1.0,-2.3,-0.1
335,John Wall\walljo01,PG,27,WAS,41,1410,19.1,.515,.250,.361,1.8,10.2,6.0,44.5,2.0,2.8,17.0,29.1,,1.2,1.5,2.7,.092,,3.5,-0.5,3.0,1.8
336,Jerryd Bayless\bayleje01,SG,29,PHI,39,925,7.5,.546,.557,.168,1.8,7.3,4.7,8.0,1.2,0.5,14.1,15.1,,0.2,0.9,1.1,.055,,-2.7,-0.2,-2.8,-0.2
337,Tyler Cavanaugh\cavanty01,PF,23,ATL,39,518,13.0,.567,.586,.138,9.7,17.7,13.7,7.8,0.8,0.7,8.0,14.8,,0.9,0.3,1.2,.109,,-0.4,-1.5,-1.9,0.0
338,Torrey Craig\craigto01,SF,27,DEN,39,629,9.8,.535,.423,.255,7.2,15.5,11.4,5.4,0.9,2.0,11.6,11.9,,0.5,0.4,0.9,.069,,-2.2,-0.7,-2.9,-0.1
339,Boban Marjanović\marjabo01,C,29,TOT,39,337,26.0,.616,.000,.655,15.7,31.4,23.5,11.2,1.5,2.8,15.9,29.4,,1.0,0.5,1.5,.215,,2.3,0.2,2.5,0.4
340,Andre Roberson\roberan03,SG,26,OKC,39,1037,10.9,.543,.222,.235,7.8,12.2,9.9,6.0,2.2,3.1,14.4,8.6,,0.8,1.3,2.2,.100,,-1.9,1.8,-0.1,0.5
341,Justin Anderson\anderju01,SF,24,PHI,38,519,13.0,.540,.510,.188,5.4,13.6,9.6,7.1,1.4,1.1,6.8,19.3,,0.6,0.7,1.2,.115,,-0.6,-0.3,-0.9,0.1
342,Matthew Dellavedova\dellama01,PG,27,MIL,38,712,8.6,.500,.513,.178,2.3,8.2,5.3,27.4,1.0,0.0,23.0,13.5,,0.3,0.2,0.5,.032,,-2.4,-2.0,-4.4,-0.4
343,Henry Ellenson\ellenhe01,PF,21,DET,38,329,10.5,.476,.411,.199,3.3,24.3,13.6,9.4,0.8,0.0,10.2,23.8,,-0.2,0.4,0.1,.020,,-2.6,-1.9,-4.4,-0.2
344,Paul Millsap\millspa01,PF,32,DEN,38,1143,17.0,.549,.260,.370,6.4,17.6,12.1,13.9,1.7,3.2,12.6,22.0,,1.4,1.1,2.5,.107,,0.4,0.0,0.4,0.7
345,Thabo Sefolosha\sefolth01,SF,33,UTA,38,806,15.8,.591,.350,.225,4.1,18.4,11.3,6.3,3.2,1.3,10.2,16.4,,1.0,1.6,2.6,.156,,0.2,2.5,2.7,0.9
346,C.J. Williams\willicj01,SG,27,LAC,38,707,9.5,.512,.396,.081,1.9,6.7,4.4,8.5,2.1,1.5,8.9,13.7,,0.3,0.5,0.7,.051,,-2.8,0.7,-2.1,0.0
347,Alex Caruso\carusal01,PG,23,LAL,37,562,8.7,.519,.371,.259,2.9,9.4,6.2,17.8,2.0,1.4,24.5,12.9,,-0.1,0.6,0.5,.041,,-3.8,0.9,-2.9,-0.1
348,Trey Burke\burketr01,PG,25,NYK,36,785,21.0,.563,.273,.148,1.8,8.2,5.0,36.4,1.5,0.4,9.5,25.1,,2.0,0.3,2.4,.145,,3.9,-1.4,2.5,0.9
349,Mike James\jamesmi02,PG,27,TOT,36,687,13.9,.469,.305,.262,2.0,12.2,7.0,29.4,2.0,0.8,12.0,25.1,,-0.1,0.3,0.2,.017,,-0.5,-1.0,-1.5,0.1
350,Al Jefferson\jeffeal01,C,33,IND,36,484,20.2,.563,.014,.173,7.0,26.2,16.7,10.0,1.7,4.2,8.6,22.5,,0.8,0.8,1.6,.158,,0.6,1.5,2.0,0.5
351,Johnny O'Bryant\obryajo01,PF,24,CHO,36,379,11.9,.470,.251,.146,8.1,18.6,13.3,5.9,1.2,1.3,7.6,22.5,,-0.1,0.4,0.3,.038,,-2.9,-1.5,-4.4,-0.2
352,Chandler Parsons\parsoch01,SF,29,MEM,36,691,13.6,.578,.517,.115,2.3,13.0,7.5,16.4,1.3,1.5,12.5,18.3,,0.7,0.4,1.1,.077,,1.2,-0.4,0.8,0.5
353,Ivan Rabb\rabbiv01,PF,20,MEM,36,516,16.6,.599,.000,.237,11.6,24.1,17.7,10.4,1.2,2.4,17.3,17.7,,0.7,0.5,1.2,.109,,-0.9,-1.2,-2.0,0.0
354,Jake Layman\laymaja01,SF,23,POR,35,160,4.9,.352,.426,.064,2.8,8.1,5.5,9.4,1.9,2.0,9.4,14.6,,-0.3,0.2,-0.1,-0.021,,-4.8,0.4,-4.3,-0.1
355,Wayne Selden\seldewa01,SG,23,MEM,35,692,11.8,.551,.454,.219,2.6,6.8,4.7,16.0,1.3,0.7,15.5,22.6,,0.1,0.2,0.3,.023,,-0.9,-2.2,-3.1,-0.2
356,Quinn Cook\cookqu01,PG,24,GSW,33,740,12.8,.593,.413,.099,1.6,10.2,6.2,16.6,0.8,0.1,10.8,17.5,,1.1,0.4,1.6,.101,,-0.1,-1.5,-1.6,0.1
357,Meyers Leonard\leoname01,C,25,POR,33,254,17.8,.676,.333,.141,5.2,24.7,15.0,10.6,1.4,0.0,10.8,16.1,,0.7,0.3,1.1,.200,,1.0,0.9,2.0,0.3
358,Jason Smith\smithja02,C,31,WAS,33,285,8.8,.455,.278,.183,7.2,13.9,10.5,7.4,0.5,4.0,11.4,21.7,,-0.2,0.3,0.0,.003,,-5.4,-1.0,-6.4,-0.3
359,Guerschon Yabusele\yabusgu01,PF,22,BOS,33,235,12.3,.559,.607,.361,8.0,16.1,12.1,10.0,0.9,1.8,14.5,15.7,,0.3,0.3,0.6,.122,,-1.4,0.2,-1.2,0.0
360,Cody Zeller\zelleco01,C,25,CHO,33,627,15.9,.602,.019,.545,11.4,19.3,15.3,7.4,1.1,2.8,14.6,15.7,,1.2,0.7,1.9,.145,,-1.2,0.0,-1.2,0.1
361,Aaron Brooks\brookaa01,PG,33,MIN,32,189,9.8,.508,.449,.159,4.2,6.2,5.2,15.1,1.6,0.0,13.0,19.9,,0.1,0.1,0.1,.033,,-2.6,-1.3,-3.8,-0.1
362,Kyle Collinsworth\colliky01,SF,26,DAL,32,480,10.0,.433,.172,.404,7.2,18.0,12.4,16.4,1.8,1.7,17.1,13.3,,-0.1,0.5,0.5,.046,,-3.6,0.9,-2.6,-0.1
363,Kenneth Faried\farieke01,PF,28,DEN,32,461,17.4,.552,.007,.345,16.7,20.7,18.7,5.8,1.3,2.4,11.9,18.3,,0.9,0.4,1.3,.132,,-0.3,-1.7,-2.1,0.0
364,Kobi Simmons\simmoko01,PG,20,MEM,32,643,7.7,.490,.206,.132,2.5,6.6,4.5,16.5,1.4,0.7,18.0,17.0,,-0.4,0.2,-0.2,-0.013,,-4.7,-2.1,-6.9,-0.8
365,Isaiah Thomas\thomais02,PG,28,TOT,32,862,12.6,.508,.447,.311,2.2,6.3,4.2,27.1,0.8,0.3,16.6,28.8,,-0.1,0.3,0.2,.009,,-0.9,-3.9,-4.9,-0.6
366,Ante Žižić\zizican01,C,21,CLE,32,214,24.2,.746,.000,.433,12.8,18.6,15.7,3.8,0.5,5.2,12.1,18.8,,0.9,0.2,1.0,.231,,1.9,-0.9,1.0,0.2
367,Dakari Johnson\johnsda04,C,22,OKC,31,161,16.4,.575,.000,.513,10.7,12.8,11.7,7.2,1.8,4.5,5.9,13.5,,0.4,0.2,0.6,.178,,-1.2,0.9,-0.3,0.1
368,Timofey Mozgov\mozgoti01,C,31,BRK,31,359,12.3,.617,.194,.323,9.4,19.7,14.5,4.8,0.7,2.7,23.7,16.8,,0.1,0.3,0.4,.055,,-3.3,-0.6,-3.9,-0.2
369,Jabari Parker\parkeja01,PF,22,MIL,31,743,17.1,.550,.244,.163,6.6,17.1,11.9,13.1,1.7,1.2,11.2,24.4,,0.6,0.6,1.2,.080,,0.9,-1.7,-0.8,0.2
370,Nerlens Noel\noelne01,C,23,DAL,30,472,16.2,.558,.010,.267,10.9,29.3,19.8,6.3,3.3,4.1,18.1,13.8,,0.4,1.0,1.3,.135,,-2.2,2.7,0.5,0.3
371,Dion Waiters\waitedi01,SG,26,MIA,30,918,10.5,.487,.415,.168,1.0,8.5,4.7,19.8,1.3,0.8,13.7,25.0,,-0.7,0.8,0.1,.004,,-2.1,-1.4,-3.5,-0.4
372,Tyrone Wallace\wallaty01,PG,23,LAC,30,851,10.1,.517,.162,.316,2.7,10.7,6.8,11.8,1.5,1.3,14.1,16.6,,0.2,0.5,0.7,.042,,-3.1,-0.4,-3.5,-0.3
373,Ron Baker\bakerro01,SG,24,NYK,29,385,9.3,.504,.559,.441,1.4,7.2,4.3,15.5,3.3,1.3,20.4,10.0,,0.1,0.4,0.5,.059,,-2.8,2.4,-0.4,0.2
374,Dwight Buycks\buyckdw01,PG,28,DET,29,427,12.8,.498,.227,.207,3.0,7.7,5.3,22.4,2.2,0.4,15.3,26.4,,-0.2,0.4,0.2,.027,,-2.3,-0.7,-3.1,-0.1
375,Jahlil Okafor\okafoja01,C,22,TOT,28,353,15.3,.584,.029,.210,6.3,19.4,12.8,5.9,0.4,3.9,12.2,21.0,,0.3,0.3,0.6,.083,,-1.8,0.0,-1.7,0.0
376,Ramon Sessions\sessira01,PG,31,TOT,28,392,11.2,.479,.222,.487,1.7,9.1,5.4,27.2,1.8,0.4,17.4,19.3,,0.1,0.3,0.3,.039,,-2.3,-0.9,-3.2,-0.1
377,Rashad Vaughn\vaughra01,SG,21,TOT,28,212,9.3,.546,.661,.107,1.6,9.8,5.7,8.7,1.2,1.2,9.3,13.7,,0.1,0.1,0.2,.050,,-1.3,-1.4,-2.6,0.0
378,Brandan Wright\wrighbr03,PF,30,TOT,28,381,19.0,.596,.000,.324,9.8,19.3,14.4,5.6,1.7,6.4,6.4,14.7,,0.8,0.5,1.3,.163,,1.1,1.0,2.1,0.4
379,Jonathan Isaac\isaacjo01,PF,20,ORL,27,536,9.8,.465,.317,.172,3.3,17.2,10.2,4.8,3.0,4.5,14.8,15.0,,-0.6,0.8,0.2,.021,,-3.8,2.4,-1.4,0.1
380,Caleb Swanigan\swanica01,PF,20,POR,27,189,7.5,.449,.133,.300,8.7,22.3,15.6,10.8,1.3,1.3,20.9,20.0,,-0.3,0.3,0.0,-0.003,,-6.6,1.2,-5.5,-0.2
381,DeAndre' Bembry\bembrde01,SF,23,ATL,26,455,7.6,.477,.234,.258,2.0,15.7,8.8,15.9,2.3,2.3,24.8,18.2,,-0.9,0.5,-0.4,-0.040,,-5.1,0.3,-4.7,-0.3
382,Emeka Okafor\okafoem01,C,35,NOP,26,353,16.4,.545,.000,.232,14.9,21.7,18.4,3.1,1.1,5.6,11.0,14.4,,0.5,0.5,1.0,.140,,-1.1,-0.2,-1.2,0.1
383,Malachi Richardson\richama01,SG,22,TOT,26,324,5.9,.446,.444,.244,1.7,10.6,6.0,5.6,1.6,0.3,9.1,15.2,,-0.2,0.1,-0.1,-0.015,,-5.0,-1.0,-6.0,-0.3
384,Juan Hernangómez\hernaju01,PF,22,DEN,25,277,9.7,.511,.667,.160,7.4,14.6,11.0,5.9,1.1,0.9,10.1,14.0,,0.2,0.1,0.4,.061,,-1.6,-1.7,-3.3,-0.1
385,Cameron Payne\payneca01,PG,23,CHI,25,582,14.0,.498,.423,.074,3.2,9.8,6.4,29.9,2.2,1.4,14.0,19.3,,0.3,0.4,0.8,.063,,-0.1,-0.3,-0.4,0.2
386,Alex Poythress\poythal01,PF,24,IND,25,104,7.8,.500,.423,.000,7.7,10.8,9.2,2.6,1.4,0.9,7.1,12.0,,0.1,0.1,0.1,.066,,-3.8,-1.3,-5.1,-0.1
387,Derrick Rose\rosede01,PG,29,TOT,25,420,11.5,.507,.161,.247,3.5,5.8,4.7,13.6,0.8,0.8,14.5,25.4,,-0.2,0.1,-0.2,-0.018,,-2.1,-3.3,-5.4,-0.4
388,Ryan Arcidiacono\arcidry01,PG,23,CHI,24,304,7.3,.550,.756,.146,0.3,8.8,4.4,15.5,2.1,0.0,23.0,8.1,,0.1,0.2,0.3,.040,,-4.7,0.6,-4.1,-0.2
389,Andrew Bogut\bogutan01,C,33,LAL,24,216,10.9,.696,.000,.080,12.9,25.4,19.2,9.1,0.9,4.9,42.3,8.8,,0.1,0.3,0.4,.094,,-4.7,1.9,-2.8,-0.1
390,John Holland\hollajo02,SF,29,CLE,24,174,5.9,.417,.610,.220,3.9,11.4,7.7,3.9,2.0,1.0,11.0,18.5,,-0.3,0.1,-0.2,-0.050,,-3.6,-1.9,-5.5,-0.2
391,Zach LaVine\lavinza01,SG,22,CHI,24,656,14.6,.499,.346,.301,1.4,14.4,7.7,18.6,1.8,0.5,9.7,29.5,,-0.1,0.5,0.3,.025,,-0.8,-1.5,-2.3,-0.1
392,Terrence Ross\rosste01,SG,26,ORL,24,600,9.9,.505,.487,.188,1.8,11.6,6.7,9.3,2.2,1.5,12.3,17.3,,-0.2,0.5,0.3,.025,,-2.8,0.1,-2.7,-0.1
393,Shaquille Harrison\harrish01,PG,24,PHO,23,384,15.6,.540,.210,.306,2.5,14.7,8.5,22.2,3.2,1.5,13.5,18.0,,0.4,0.4,0.8,.094,,-2.3,1.7,-0.7,0.1
394,Danuel House\houseda01,SG,24,PHO,23,403,12.4,.533,.450,.240,3.4,17.0,10.1,9.4,0.8,1.2,7.2,16.2,,0.4,0.1,0.6,.066,,-0.8,-0.8,-1.6,0.0
395,Jordan Mickey\mickejo01,PF,23,MIA,23,284,10.6,.515,.195,.232,7.1,24.9,16.0,4.8,1.1,3.0,16.6,17.1,,-0.1,0.4,0.3,.054,,-5.2,-0.3,-5.6,-0.3
396,Gary Payton II\paytoga02,PG,25,TOT,23,221,9.8,.443,.338,.122,6.5,15.5,11.0,13.7,1.5,1.1,8.2,16.8,,0.0,0.2,0.2,.041,,-3.5,-0.4,-3.9,-0.1
397,Quincy Pondexter\pondequ01,SF,29,CHI,23,196,4.0,.398,.449,.347,4.2,10.8,7.4,6.3,2.0,0.9,16.3,15.0,,-0.3,0.1,-0.2,-0.047,,-7.0,-0.4,-7.4,-0.3
398,Glenn Robinson III\robingl02,SF,24,IND,23,338,10.8,.529,.400,.129,3.7,8.6,6.2,6.8,1.9,0.3,5.3,12.5,,0.4,0.3,0.6,.088,,-1.2,0.4,-0.7,0.1
399,Julyan Stone\stoneju01,SG,29,CHO,23,175,7.6,.684,1.000,.154,0.6,17.6,9.0,19.2,1.1,1.0,33.5,5.2,,0.2,0.2,0.3,.087,,-3.2,1.9,-1.3,0.0
400,Tony Allen\allento01,SF,36,NOP,22,273,8.7,.514,.132,.231,8.2,10.4,9.3,4.6,1.9,0.9,15.9,18.9,,-0.2,0.2,0.1,.017,,-5.2,-0.3,-5.5,-0.2
401,JaKarr Sampson\sampsja02,SF,24,SAC,22,344,13.9,.585,.123,.198,6.7,19.7,12.9,3.9,1.2,6.1,8.3,12.5,,0.4,0.4,0.8,.114,,-2.3,1.1,-1.2,0.1
402,D.J. Wilson\wilsodj01,PF,21,MIL,22,71,10.3,.622,.313,.125,3.3,13.2,8.3,6.1,2.1,1.2,19.2,13.3,,0.0,0.1,0.1,.054,,-2.0,0.0,-2.0,0.0
403,Cole Aldrich\aldrico01,C,29,MIN,21,49,6.0,.340,.000,.400,7.0,28.6,17.6,8.2,2.0,1.8,5.4,16.8,,-0.1,0.1,0.0,-0.013,,-6.8,-0.7,-7.5,-0.1
404,Dorian Finney-Smith\finnedo01,PF,24,DAL,21,448,7.6,.482,.554,.124,5.3,13.6,9.3,8.4,1.1,0.8,14.1,15.1,,-0.2,0.3,0.1,.015,,-3.8,-0.8,-4.6,-0.3
405,Danilo Gallinari\gallida01,SF,29,LAC,21,671,13.8,.545,.434,.340,1.5,14.9,8.3,8.9,0.9,1.2,8.1,20.6,,0.8,0.4,1.2,.088,,0.4,-0.9,-0.5,0.3
406,Davon Reed\reedda01,SG,22,PHO,21,242,4.8,.388,.500,.158,0.9,16.6,8.6,7.6,2.0,0.7,11.0,16.0,,-0.5,0.2,-0.3,-0.060,,-5.8,-0.6,-6.4,-0.3
407,Troy Williams\willitr02,SF,23,TOT,21,307,15.1,.544,.349,.275,8.0,14.8,11.4,7.7,3.2,1.1,13.5,20.1,,0.2,0.4,0.5,.085,,-1.0,0.5,-0.5,0.1
408,Bobby Brown\brownbo02,PG,33,HOU,20,115,5.5,.425,.690,.034,0.0,6.8,3.4,15.0,1.7,0.0,13.3,26.1,,-0.3,0.1,-0.2,-0.080,,-4.9,-2.3,-7.2,-0.2
409,Isaiah Canaan\canaais01,PG-SG,26,TOT,20,422,13.5,.539,.482,.372,1.5,10.0,5.7,26.7,1.8,0.2,15.4,18.9,,0.5,0.1,0.6,.072,,-0.5,-0.7,-1.3,0.1
410,Myke Henry\henrymy01,SF,25,MEM,20,378,9.7,.472,.532,.092,3.0,8.8,5.8,8.9,4.1,1.5,14.4,15.7,,-0.3,0.4,0.1,.017,,-3.1,1.8,-1.3,0.1
411,Richard Jefferson\jefferi01,SF,37,DEN,20,163,6.4,.499,.259,.259,1.4,10.3,5.9,12.0,0.6,0.5,14.3,9.4,,0.1,0.0,0.1,.029,,-3.5,-0.8,-4.3,-0.1
412,Derrick Jones Jr.\jonesde02,SF,20,TOT,20,245,10.1,.480,.340,.453,9.6,7.8,8.7,5.1,0.8,4.4,9.9,12.8,,0.1,0.2,0.4,.075,,-2.9,0.2,-2.7,0.0
413,Luke Kornet\kornelu01,PF,22,NYK,20,326,13.6,.516,.632,.088,3.8,18.0,10.9,11.6,0.9,4.2,8.5,19.0,,0.2,0.3,0.5,.077,,0.4,-0.2,0.2,0.2
414,Alec Peters\peteral01,PF,22,PHO,20,225,10.7,.523,.784,.135,3.7,14.0,8.8,7.9,0.4,0.7,4.9,15.5,,0.2,0.0,0.3,.055,,-0.5,-2.3,-2.8,0.0
